album_id,artist_id
0,0
1,1
1,42
1,43
1,44
1,280
1,451
1,452
1,453
1,533
1,534
1,735
1,911
1,1841
2,2
3,3
4,4
4,5
5,6
5,7
6,8
7,9
8,10
9,11
9,12
9,13
10,14
11,15
11,16
11,17
11,18
11,19
11,20
18,21
18,22
19,23
20,24
21,25
22,26
22,27
24,28
25,29
26,30
26,31
26,32
28,33
30,34
30,35
34,36
34,37
35,38
35,39
35,40
35,41
36,45
39,46
39,47
41,48
42,49
42,50
45,51
47,52
49,53
49,54
49,55
49,56
50,57
51,58
52,59
52,60
52,61
52,62
53,63
53,64
53,65
53,66
53,67
53,68
53,69
53,70
53,71
53,72
53,73
54,74
54,75
54,76
54,77
54,78
54,79
54,80
55,81
55,82
55,83
55,84
55,85
55,86
55,87
55,88
55,89
56,90
57,91
58,92
58,7448
58,7449
58,7450
58,7451
58,7452
58,7453
58,7454
58,7455
58,7456
58,7457
58,7458
58,7459
58,7460
60,93
62,94
63,95
63,96
63,7992
64,97
64,98
65,99
65,100
67,101
68,102
68,103
68,104
68,105
68,106
68,107
69,108
69,109
69,110
69,111
70,112
70,113
72,114
72,2936
72,2937
72,2938
72,2939
72,2940
72,2941
72,2942
72,2943
73,115
73,116
75,117
75,118
76,119
77,120
78,121
79,122
81,123
82,124
82,125
87,126
89,127
90,128
90,129
91,130
91,131
91,132
91,133
91,134
91,135
91,136
91,137
92,138
92,139
92,140
92,141
92,142
92,143
92,144
92,145
92,146
92,147
92,148
92,149
92,150
92,151
93,152
93,153
93,154
93,155
96,156
96,157
98,158
99,159
99,160
99,161
99,162
99,163
100,164
100,165
100,166
101,167
101,168
101,169
101,170
101,171
101,172
103,173
104,174
104,175
105,176
105,177
105,178
105,179
105,180
105,181
105,182
106,183
106,184
106,185
108,186
108,187
108,188
110,189
112,190
113,191
113,192
114,193
114,194
114,195
114,196
114,197
114,198
115,199
115,200
115,201
116,202
116,203
116,204
117,205
117,206
118,207
119,208
120,209
120,210
121,211
121,212
121,213
122,214
123,215
123,216
123,217
124,218
124,219
124,220
124,221
124,222
125,223
125,224
125,225
125,226
126,227
128,228
128,229
135,230
135,231
135,232
135,233
135,234
135,235
136,236
136,237
136,238
136,239
136,240
137,241
137,242
23,243
138,244
140,245
140,246
140,247
140,248
141,249
144,250
144,251
144,252
146,253
146,254
146,255
146,256
147,257
147,258
147,259
147,260
147,261
147,262
148,263
148,264
148,265
148,266
149,267
149,268
149,269
149,270
150,271
150,272
150,273
151,274
156,275
156,276
156,277
157,278
159,279
160,281
161,282
162,283
163,284
164,285
165,286
166,287
167,288
167,289
171,290
171,291
173,292
173,293
173,294
173,295
174,296
174,297
175,298
175,299
179,300
182,301
184,302
186,303
190,304
190,305
191,306
192,307
192,308
192,309
192,310
193,311
194,312
194,313
194,314
194,315
195,316
196,317
196,318
196,319
197,320
202,321
204,322
204,323
205,324
206,325
207,326
208,327
209,328
211,329
212,330
213,331
214,332
214,333
214,334
214,335
214,336
214,337
214,338
216,339
219,340
225,341
227,342
227,343
228,344
229,345
229,346
230,347
230,348
230,349
230,350
230,351
230,352
230,353
230,354
230,355
231,356
231,357
231,358
231,359
231,360
232,361
232,362
232,363
232,364
232,365
232,366
232,367
237,368
238,369
240,370
240,371
240,372
240,373
242,374
243,375
245,376
245,377
246,378
248,379
249,380
249,381
249,382
249,383
249,384
249,385
249,386
250,387
251,388
251,389
253,390
254,391
255,392
255,393
255,394
255,395
255,396
255,397
255,398
255,399
255,400
255,401
255,402
255,403
255,404
255,405
255,406
255,407
255,408
255,409
255,410
255,411
255,412
256,413
256,414
256,415
256,416
259,417
263,418
264,419
266,420
267,421
268,422
271,423
271,424
271,425
278,426
281,427
281,428
282,429
284,430
284,431
285,432
286,433
286,434
287,435
287,436
287,437
287,438
287,439
288,440
289,441
289,442
289,443
289,444
289,445
290,446
290,447
291,448
291,449
291,450
292,454
292,455
292,456
293,457
293,458
298,459
300,460
301,461
301,462
301,463
301,464
301,465
302,466
302,467
302,468
303,469
303,470
304,471
304,472
305,473
306,474
307,475
308,476
308,477
309,478
309,479
310,480
310,481
311,482
317,483
317,484
318,485
319,486
321,487
324,488
326,489
326,490
326,491
327,492
328,493
329,494
329,495
330,496
331,497
332,498
335,499
335,500
335,501
335,502
336,503
338,504
340,505
342,506
342,507
342,508
343,509
343,510
343,511
343,512
347,513
348,514
348,515
348,516
348,517
348,518
349,519
349,520
349,521
349,522
350,523
350,524
351,525
351,526
353,527
353,528
353,529
353,530
360,531
362,532
364,535
364,536
364,537
367,538
367,539
368,540
371,541
371,542
371,543
373,544
374,545
374,546
376,547
376,548
376,549
376,550
376,551
376,552
376,553
376,554
376,555
377,556
377,557
378,558
387,559
388,560
390,561
391,562
391,563
392,564
392,565
394,566
394,567
395,568
401,569
402,570
403,571
403,572
412,573
413,574
413,575
413,576
413,577
413,578
413,579
414,580
414,581
414,582
415,583
416,584
418,585
418,586
418,587
418,588
418,589
418,590
423,591
423,592
423,593
424,594
426,595
426,596
428,597
429,598
432,599
433,600
434,601
434,602
434,603
435,604
439,605
439,606
439,607
439,608
439,609
440,610
440,611
440,612
440,613
440,614
440,615
441,616
441,617
441,618
443,619
443,620
443,621
448,622
449,623
450,624
450,625
450,626
450,627
450,628
451,629
451,630
452,631
453,632
457,633
460,634
460,635
460,636
461,637
461,638
461,639
461,640
461,641
461,642
461,643
461,644
462,645
462,646
462,647
462,648
462,649
462,650
462,651
463,652
464,653
465,654
465,655
467,656
470,657
470,658
470,659
471,660
472,661
473,662
473,663
474,664
31,665
31,666
31,667
478,668
478,669
479,670
479,671
480,672
481,673
481,674
482,675
484,676
485,677
485,678
486,679
488,680
488,681
488,682
488,683
492,684
492,685
493,686
494,687
494,688
494,689
494,690
494,691
494,692
494,693
506,694
507,695
508,696
509,697
510,698
512,699
512,700
513,701
514,702
515,703
516,704
518,705
518,706
519,707
521,708
522,709
523,710
524,711
525,712
525,713
527,714
528,715
529,716
530,717
530,718
531,719
531,720
534,721
534,722
535,723
537,724
537,725
538,726
538,727
542,728
544,729
546,730
546,731
546,732
547,733
547,734
549,736
550,737
552,738
553,739
554,740
555,741
556,742
557,743
558,744
559,745
559,746
559,747
559,748
559,749
560,750
561,751
563,752
566,753
568,754
568,755
568,756
568,757
569,758
571,759
571,760
573,761
574,762
574,763
574,764
575,765
577,766
579,767
580,768
581,769
582,770
582,771
583,772
584,773
585,774
585,775
586,776
586,777
588,778
588,779
589,780
590,781
590,782
590,783
592,784
592,785
592,786
593,787
594,788
594,789
594,790
594,791
594,792
596,793
597,794
597,795
597,796
598,797
598,798
598,799
598,800
598,801
598,802
599,803
600,804
600,805
600,806
600,807
600,808
603,809
603,810
603,811
603,812
603,813
603,814
603,815
603,816
603,817
603,818
603,819
604,820
604,821
604,822
604,823
604,824
605,825
606,826
607,827
608,828
608,829
608,830
608,831
608,832
609,833
609,834
609,835
609,836
609,837
609,838
609,839
609,840
610,841
610,842
610,843
610,844
610,845
610,846
610,847
610,848
610,849
610,850
610,851
611,852
611,853
611,854
612,855
613,856
614,857
614,858
616,859
617,860
618,861
625,862
626,863
626,864
627,865
628,866
628,867
629,868
630,869
631,870
634,871
636,872
639,873
639,874
640,875
642,876
642,877
643,878
644,879
645,880
645,881
646,882
646,883
646,884
646,885
646,886
646,887
646,888
647,889
647,890
647,891
647,892
655,893
655,894
655,895
656,896
656,897
656,898
656,899
656,900
657,901
657,902
657,903
658,904
658,905
658,906
658,907
658,908
660,909
661,910
662,912
663,913
663,914
664,915
665,916
665,917
665,918
665,919
666,920
666,921
666,922
667,923
668,924
669,925
670,926
670,927
671,928
672,929
672,930
672,931
672,932
672,933
672,934
672,935
672,936
672,937
672,938
672,939
673,940
673,941
673,942
674,943
675,944
676,945
676,946
677,947
677,2824
677,2825
677,2826
677,5508
677,5509
677,5510
678,948
679,949
680,950
680,951
681,952
681,953
681,954
681,955
681,1314
681,1315
681,1316
681,1317
681,1318
682,956
682,957
682,958
682,959
682,960
682,961
682,962
683,963
683,964
683,965
683,966
683,967
684,968
684,969
685,970
686,971
686,972
687,973
687,974
688,975
689,976
689,977
689,978
689,979
689,980
689,981
689,982
690,983
692,984
694,985
694,986
695,987
695,988
696,989
698,990
698,991
699,992
700,993
700,994
701,995
702,996
702,997
702,998
702,999
702,1000
702,1001
702,1002
702,1003
702,1004
702,1005
702,1006
703,1007
703,1008
703,1009
703,1010
703,1011
703,1012
703,1013
704,1014
704,1015
704,1016
705,1017
706,1018
706,1019
707,1020
707,1021
708,1022
708,1023
710,1024
712,1025
712,1026
713,1027
713,1028
714,1029
715,1030
715,1031
716,1032
716,1033
717,1034
717,1035
717,1036
718,1037
719,1038
719,1039
719,1040
720,1041
721,1042
721,1043
721,1044
721,1045
721,1046
723,1047
723,1048
724,1049
724,1050
724,1051
727,1052
728,1053
729,1054
729,1055
729,1056
729,1057
730,1058
730,1059
730,1060
730,1061
730,1062
730,1063
732,1064
733,1065
734,1066
735,1067
736,1068
739,1069
739,1070
739,1071
739,1072
739,1073
740,1074
740,1075
740,1076
740,1077
740,1078
741,1079
741,1080
741,1081
741,1082
747,1083
747,1084
747,1085
750,1086
750,1087
750,1088
751,1089
751,1090
751,1091
751,1092
751,1093
751,1094
751,1095
751,1096
751,1097
751,1098
751,1099
752,1100
754,1101
755,1102
756,1103
758,1104
653,1105
764,1106
765,1107
766,1108
767,1109
768,1110
768,1111
770,1112
771,1113
771,1114
772,1115
772,1116
772,1117
773,1118
773,1119
773,1120
773,1121
773,1122
773,1123
778,1124
778,1125
778,1126
778,1127
778,1128
779,1129
779,1130
779,1131
779,1132
779,1133
780,1134
780,1135
780,1136
780,1137
369,1138
369,1139
369,1140
369,1141
369,1142
369,1143
369,1144
369,1145
369,1146
369,1147
369,1148
369,1149
781,1150
781,1151
781,1152
781,1153
781,1154
781,1155
781,1156
782,1157
782,1158
782,1159
783,1160
784,1161
785,1162
786,1163
787,1164
787,4436
787,4437
787,4438
787,4439
788,1165
788,1166
788,1167
788,1168
791,1169
791,1170
791,1171
794,1172
795,1173
796,1174
797,1175
798,1176
800,1177
801,1178
801,1179
802,1180
802,1181
802,1182
802,1183
802,1184
802,1185
802,1186
803,1187
803,1188
804,1189
804,1190
804,1191
805,1192
806,1193
807,1194
807,1195
807,1196
807,1197
807,1198
810,1199
810,1200
811,1201
811,1202
811,1203
811,1204
814,1205
816,1206
816,1207
816,1208
816,1209
816,1210
816,1211
816,1212
816,1213
816,1214
816,1215
818,1216
818,1217
818,1218
820,1219
823,1220
823,2854
823,3085
823,3086
823,3087
823,3088
823,3089
823,3090
824,1221
824,1222
824,1223
824,1224
824,1225
824,1226
824,1227
827,1228
827,1229
828,1230
830,1231
830,1232
830,1233
830,1234
831,1235
831,1236
832,1237
833,1238
837,1239
838,1240
840,1241
841,1242
841,1243
841,1244
841,1245
841,1246
841,1247
841,1248
841,1249
841,1250
841,1251
841,1252
841,1253
841,1254
841,1255
841,1256
842,1257
842,1258
844,1259
844,1260
844,1261
844,1262
844,1263
844,1264
845,1265
845,1266
845,1267
845,1268
846,1269
846,1270
846,1271
850,1272
851,1273
851,1274
851,1275
851,1276
855,1277
856,1278
856,1279
857,1280
858,1281
858,1282
858,1283
858,1284
859,1285
860,1286
860,1287
860,1288
860,1289
863,1290
868,1291
868,1292
868,1293
869,1294
869,1295
869,1296
869,1297
869,1298
870,1299
870,1300
870,1301
879,1302
880,1303
880,1304
880,1305
882,1306
882,1307
883,1308
883,1309
883,1310
884,1311
885,1312
885,1313
886,1319
887,1320
888,1321
888,1322
888,1323
888,1324
888,1325
888,1326
889,1327
889,1328
889,1329
890,1330
891,1331
891,1332
892,1333
893,1334
894,1335
895,1336
895,1337
895,1338
895,1339
896,1340
897,1341
899,1342
899,1343
901,1344
903,1345
904,1346
906,1347
907,1348
908,1349
909,1350
910,1351
911,1352
911,1353
911,1354
911,1355
912,1356
912,1357
912,1358
912,1359
912,1360
913,1361
913,1362
913,1363
913,1364
914,1365
914,1366
915,1367
915,1368
916,1369
916,1370
916,1371
916,1372
917,1373
917,1374
917,1375
920,1376
921,1377
921,1378
921,1379
921,1380
921,1381
921,1382
923,1383
924,1384
925,1385
925,1386
927,1387
927,1388
928,1389
930,1390
930,1391
930,1392
933,1393
933,1394
936,1395
936,1396
936,1397
936,1398
936,1399
936,1400
936,1401
936,1402
936,1403
937,1404
937,1405
937,1406
937,1407
937,1408
938,1409
938,1410
938,1411
938,1412
938,1413
938,1414
939,1415
940,1416
941,1417
942,1418
942,1419
942,1420
942,1421
944,1422
944,1423
944,1424
944,1425
944,1426
946,1427
946,1428
946,1429
946,1430
946,1431
947,1432
949,1433
950,1434
952,1435
953,1436
954,1437
957,1438
960,1439
961,1440
962,1441
963,1442
964,1443
965,1444
965,1445
969,1446
969,1447
972,1448
973,1449
976,1450
976,1451
976,1452
976,1453
981,1454
982,1455
983,1456
985,1457
986,1458
987,1459
987,1460
987,1461
988,1462
989,1463
991,1464
992,1465
992,1466
992,1467
992,1468
992,1469
992,1470
994,1471
995,1472
997,1473
997,1474
997,1475
997,1476
997,1477
997,1478
997,1479
997,1480
998,1481
998,1482
998,1483
998,1484
998,1485
998,1486
998,1487
999,1488
1001,1489
1002,1490
1002,1491
1002,1492
1002,1493
1003,1494
1003,1495
1003,1496
1004,1497
1004,1498
1004,1499
1004,1500
1004,1501
1004,1502
1005,1503
1005,1504
1007,1505
1008,1506
1011,1507
1012,1508
1013,1509
1013,1510
1014,1511
1014,1512
1014,1513
1014,1514
1014,1515
1015,1516
1015,1517
1016,1518
1017,1519
1017,1520
1017,1521
1018,1522
1018,1523
1019,1524
1021,1525
1021,1526
1021,1527
1023,1528
1023,1529
1024,1530
1024,1531
1026,1532
1026,1533
1027,1534
1027,1535
1027,1536
1028,1537
1028,1538
1028,1539
1028,1540
1028,1541
1029,1542
1030,1543
1030,1544
1032,1545
1032,1546
1032,1547
1032,1548
1032,1549
1032,1550
1039,1551
1040,1552
1040,1553
1041,1554
1041,1555
1041,1556
1041,1557
1042,1558
1042,1559
1043,1560
1043,1561
1044,1562
1045,1563
1045,1564
1045,1565
1045,1566
1045,1567
1045,1568
1046,1569
1046,1570
1046,1571
1046,1572
1046,1573
1047,1574
1047,1575
1047,1576
1048,1577
1049,1578
1049,1579
1050,1580
1051,1581
1051,1582
1051,1583
1051,1584
1051,1585
1052,1586
1052,1587
1053,1588
1053,1589
1053,1590
1054,1591
1054,1592
1054,1593
1054,1594
1054,1595
1054,1596
1054,1597
1054,1598
1054,1599
1054,1600
1055,1601
1055,1602
1055,1603
1056,1604
1057,1605
1057,1606
1057,1607
1057,1608
1057,1609
1059,1610
1059,1611
1061,1612
1062,1613
1063,1614
1065,1615
1066,1616
1073,1617
1074,1618
1074,1619
1074,1620
1074,1621
1074,1622
1076,1623
1077,1624
1078,1625
1078,1626
1078,1627
1079,1628
1081,1629
1081,1630
1081,1631
1081,1632
1083,1633
1083,1634
1084,1635
1085,1636
1086,1637
1087,1638
1088,1639
1089,1640
1089,1641
1089,1642
1089,1643
1090,1644
1090,1645
1091,1646
1091,1647
1091,1648
1092,1649
1092,1650
1092,1651
1092,1652
1092,1653
1092,1654
1092,1655
1092,1656
1092,1657
1093,1658
1093,1659
1094,1660
1094,1661
1094,1662
1095,1663
1095,1664
1095,1665
1096,1666
1096,1667
1096,1668
1096,1669
1097,1670
1097,1671
1098,1672
1099,1673
1099,1674
1099,1675
1102,1676
1102,1677
1102,1678
1102,1679
1102,1680
1102,1681
1102,1682
1102,1683
1102,1684
1102,1685
1102,1686
1102,1687
1102,1688
1102,1689
1102,1690
1105,1691
1105,1692
1109,1693
1109,1694
1110,1695
1110,1696
1110,1697
1110,1698
1110,1699
1111,1700
1111,1701
1113,1702
1113,1703
1113,1704
1113,1705
1115,1706
1115,1707
1116,1708
1117,1709
1117,1710
1117,1711
1117,1712
1117,1713
1117,1714
1117,1715
1117,1716
1117,1717
1118,1718
1118,1719
1118,1720
1118,1721
1118,1722
1118,1723
1118,1724
1118,1725
1118,1726
1120,1727
1121,1728
1121,1729
1123,1730
1123,1731
1123,1732
1123,1733
1123,1734
1123,1735
1124,1736
1124,1737
1124,1738
1124,1739
1124,1740
1130,1741
1131,1742
1131,1743
1132,1744
1132,1745
1134,1746
1135,1747
1135,1748
1136,1749
1136,1750
1136,1751
1136,1752
1137,1753
1138,1754
1138,1755
1138,1756
1138,1757
1138,1758
1138,1759
1139,1760
1139,1761
1139,1762
1139,1763
1139,1764
1139,1765
1139,1766
1139,1767
1140,1768
1140,1769
1140,1770
1141,1771
1141,1772
1141,1773
1141,1774
1141,1775
1141,1776
1141,1777
1141,1778
1141,1779
1141,1780
1141,1781
1141,1782
1141,1783
1142,1784
1142,1785
1142,1786
1142,1787
1142,1788
1142,1789
1142,1790
1143,1791
1143,1792
1144,1793
1145,1794
1145,1795
1145,1796
1145,1797
1146,1798
1148,1799
1151,1800
1152,1801
1153,1802
1153,1803
1153,1804
1153,1805
1153,1806
1153,1807
1154,1808
1154,1809
1154,1810
1154,1811
1154,1812
1155,1813
1155,1814
1155,1815
1155,1816
1155,1817
1155,1818
1155,1819
1155,1820
1156,1821
1156,1822
1158,1823
1161,1824
1162,1825
1162,1826
1163,1827
1163,1828
1163,1829
1163,1830
1163,1831
1163,1832
1163,1833
1163,1834
1163,1835
1163,1836
1163,1837
1163,1838
1164,1839
1164,1840
1165,1842
1166,1843
1166,1844
1167,1845
1167,1846
1167,1847
1168,1848
1170,1849
1170,1850
1170,1851
1171,1852
1172,1853
1173,1854
1173,1855
1173,1856
1173,1857
1173,1858
1173,1859
1173,1860
1174,1861
1175,1862
1175,1863
1175,1864
1175,1865
1176,1866
1176,1867
1176,1868
1176,1869
1176,1870
1176,1871
1181,1872
1182,1873
1183,1874
1184,1875
1186,1876
1188,1877
1191,1878
1191,1879
1191,1880
1191,1881
1196,1882
1196,1883
1198,1884
1203,1885
1203,1886
1203,1887
1203,1888
1203,1889
1203,1890
1203,1891
1203,1892
1203,1893
1203,1894
1203,1895
1203,1896
1203,1897
1203,1898
1203,1899
1203,1900
1203,1901
1203,1902
1203,1903
1203,1904
1203,1905
1203,1906
1203,1907
1203,1908
1203,1909
1204,1910
1205,1911
1205,1912
1205,1913
1206,1914
1206,1915
1207,1916
1207,1917
1207,1918
1208,1919
1208,1920
1208,1921
1209,1922
1210,1923
1210,1924
1211,1925
1211,1926
1211,1927
1213,1928
1215,1929
1216,1930
1217,1931
1219,1932
1219,1933
1219,1934
1220,1935
1221,1936
1222,1937
1223,1938
1224,1939
1224,1940
1225,1941
1226,1942
1226,1943
1226,1944
1231,1945
1232,1946
1233,1947
1233,1948
1238,1949
1239,1950
1240,1951
1240,1952
1240,1953
1241,1954
1241,1955
1241,1956
1241,1957
1242,1958
1242,1959
1244,1960
1244,1961
1246,1962
1246,1963
1246,1964
1248,1965
1248,1966
1249,1967
1250,1968
1250,1969
1250,1970
1250,1971
1250,1972
1251,1973
1251,1974
1252,1975
1252,1976
1252,1977
1261,1978
1262,1979
1263,1980
1263,1981
1263,1982
1264,1983
1264,1984
1264,1985
1264,1986
1264,1987
1264,1988
1264,1989
1264,1990
1264,1991
1264,1992
1264,1993
1264,1994
1265,1995
1265,1996
1265,1997
1265,1998
1265,1999
1265,2000
1267,2001
1267,2002
1267,2003
1267,2004
1267,2005
1269,2006
1269,2007
1269,2008
1270,2009
1272,2010
1273,2011
1275,2012
1276,2013
1277,2014
1277,2015
1281,2016
1281,2017
1281,2018
1281,2019
1284,2020
1285,2021
1285,2022
1285,2023
1285,2024
1285,2025
1286,2026
1286,2027
1286,2028
1286,2029
1286,2030
1286,2031
1286,2032
1286,2033
1286,2034
1286,2035
1286,2036
1287,2037
1287,2038
1287,2039
1287,2040
1288,2041
1297,2042
1298,2043
1299,2044
1299,2045
1299,2046
1299,2047
1299,2048
1299,2049
1300,2050
1300,2051
1300,2052
1300,2053
1300,2054
1300,2055
1300,2056
1300,2057
1300,2058
1300,2059
1302,2060
1302,2061
1302,2062
1303,2063
1303,2064
1303,2065
1303,2066
1303,2067
1303,2068
1303,2069
1303,2070
1303,2071
1303,2072
1304,2073
1307,2074
1308,2075
1309,2076
1310,2077
1310,2078
1310,2079
1313,2080
1313,2081
1318,2082
1319,2083
1321,2084
1321,2085
1321,2086
1322,2087
1324,2088
1324,2089
1326,2090
1326,2091
1327,2092
1327,2093
1329,2094
1330,2095
1331,2096
1333,2097
1333,2098
1333,2099
1333,2100
1333,2101
1333,2102
1333,2103
1333,2104
1333,2105
1333,2106
1334,2107
1334,2108
1334,2109
1344,2110
1344,2111
1344,2112
1345,2113
1345,2114
1345,2115
1345,2116
1346,2117
1347,2118
1348,2119
1351,2120
1352,2121
1353,2122
1353,2123
1355,2124
1356,2125
1357,2126
1357,2127
1358,2128
1359,2129
1360,2130
1360,2131
1361,2132
1361,2133
1364,2134
1365,2135
1365,2136
1365,2137
1365,2138
1365,2139
1365,2140
1365,2141
1365,2142
1366,2143
1366,2144
1366,2145
1366,2146
1367,2147
1367,2148
1367,2149
1367,2150
1367,2151
1367,2152
1368,2153
1368,2154
1368,2155
1368,2156
1368,2157
1368,2158
1368,2159
1368,2160
1368,2161
1368,2162
1368,2163
1368,2164
1368,2165
1368,2166
1368,2167
1369,2168
1369,2169
1369,2170
1369,2171
1369,2172
1370,2173
1370,2174
1372,2175
1372,2176
1372,2177
1372,2178
1373,2179
1373,2180
1373,2181
1373,2182
1373,2183
1373,2184
1373,7678
1374,2185
1374,2186
1376,2187
1376,2188
1376,2189
1376,2190
1376,2191
1378,2192
1379,2193
1379,2194
1380,2195
1381,2196
1381,2197
1384,2198
1385,2199
1385,2200
1386,2201
1387,2202
1389,2203
1391,2204
1391,2205
1392,2206
1393,2207
1394,2208
1396,2209
1396,2210
1397,2211
1397,2212
1397,2213
1397,2214
1397,2215
1424,2216
1424,2217
1424,2218
1424,2219
1424,2220
1424,2221
1425,2222
1425,2223
1426,2224
1427,2225
1428,2226
1428,2227
1429,2228
1431,2229
1431,2230
1431,2231
1432,2232
1432,2233
1433,2234
1434,2235
1434,2236
1436,2237
1436,2238
1436,2239
1444,2240
1446,2241
1446,2242
1448,2243
1449,2244
1450,2245
1451,2246
1451,2247
1451,2248
1452,2249
1452,2250
1452,2251
1452,2252
1452,2253
1452,2254
1452,2255
1452,2256
1452,2257
1453,2258
1453,2259
1457,2260
1457,2261
1459,2262
1459,2263
1460,2264
1462,2265
1463,2266
1463,2267
1463,2268
1463,2269
1463,2270
1463,2271
1463,2272
1463,2273
1463,2274
1463,2275
1464,2276
1465,2277
1465,2278
1466,2279
1467,2280
1467,2281
1467,2282
1468,2283
1468,2284
1470,2285
1470,2286
1471,2287
1471,2288
1473,2289
1475,2290
1476,2291
1476,2292
1476,2293
1476,2294
1476,2295
1477,2296
1477,2297
1477,2298
1478,2299
1480,2300
1482,2301
1482,2302
1483,2303
1484,2304
1485,2305
1485,2306
1487,2307
1488,2308
1489,2309
1489,2310
1489,2311
1490,2312
1490,2313
1494,2314
1495,2315
1497,2316
1497,2317
1498,2318
1499,2319
1499,2320
1499,2321
1499,2322
1500,2323
1500,2324
1500,2325
1500,2326
1501,2327
1501,2328
1502,2329
1502,2330
1503,2331
1503,2332
1503,2333
1504,2334
1506,2335
1508,2336
1509,2337
1509,2338
1511,2339
1511,2340
1511,2341
1512,2342
1512,2343
1512,2344
1512,2345
1513,2346
1515,2347
1516,2348
1517,2349
1517,2350
1517,2351
1518,2352
1518,2353
1519,2354
1519,2355
1519,2356
1520,2357
1520,2358
1520,2359
1520,2360
1520,2361
1520,2362
1520,2363
1523,2364
1523,2365
1525,2366
1527,2367
1527,2368
1527,2369
1527,2370
1527,2371
1528,2372
1528,2373
1530,2374
1530,2375
1530,2376
1530,2377
1530,2378
1530,2379
1530,2380
1530,2381
1530,2382
1530,2383
1530,2384
1530,2385
1530,2386
1530,2387
1530,2388
1531,2389
1531,2390
1531,2391
1531,2392
1531,2393
1531,2394
1531,2395
1531,2396
1531,2397
1531,2398
1531,2399
1532,2400
1532,2401
1532,2402
1532,2403
1532,2404
1532,2405
1532,2406
1532,2407
1532,2408
1532,2409
1533,2410
1533,2411
1533,2412
1533,2413
1533,2420
1534,2414
1534,2415
1534,2416
1534,2417
1534,2418
1534,2419
1536,2421
1536,2422
1536,2423
1541,2424
1541,2425
1541,2426
1541,2427
1541,2428
1543,2429
1544,2430
1544,2431
1546,2432
1548,2433
1548,2434
1548,3314
1548,3315
1551,2435
1552,2436
1552,2437
1552,2438
1554,2439
1555,2440
1556,2441
498,2442
1401,2443
1563,2444
1563,2445
1563,2446
1563,2447
1563,2448
1563,2449
1563,2450
1563,2451
1563,2452
1563,2453
1563,2454
1563,2455
1563,2456
1563,2457
1563,2458
1563,2459
1564,2460
1564,2461
1564,2462
1564,2463
1565,2464
1565,2465
1566,2466
1566,2467
1566,2468
1566,2469
1566,2470
1569,2471
1569,2472
1571,2473
1571,2474
1571,2475
1571,2476
1571,2477
1571,2478
1571,2479
1575,2480
1575,2481
1576,2482
1576,2483
1577,2484
1578,2485
1579,2486
1580,2487
1580,2488
1580,2489
1580,2490
1580,2491
1583,2492
1584,2493
1585,2494
1585,2495
1585,2496
1588,2497
1589,2498
1591,2499
1591,2500
1591,2501
1591,2502
1592,2503
1592,2504
1592,2505
1592,2506
1592,2507
1592,2508
1592,2509
1592,2510
1592,2511
1592,2512
1593,2513
1593,2514
1593,2515
1593,2516
1593,2517
1593,2518
1593,2519
1593,2520
1594,2521
1595,2522
1595,2523
1595,2524
1595,2525
1595,2526
1598,2527
1600,2528
1600,2529
1600,2530
1600,2531
1600,2532
1600,2533
1601,2534
1601,2535
1601,2536
1606,2537
1607,2538
1608,2539
1610,2540
1611,2541
1612,2542
1612,2543
1612,2544
1613,2545
1613,2546
1617,2547
1617,2548
1617,2549
1620,2550
1621,2551
1621,2552
1621,2553
1621,2554
1621,2555
1621,2556
1621,2557
1621,2558
1621,2559
1621,2560
1621,2561
1621,2562
1621,2563
1622,2564
1623,2565
1624,2566
1624,2567
1624,2568
1627,2569
1627,2570
1627,2571
1632,2572
1634,2573
1634,2574
1636,2575
1637,2576
1638,2577
1639,2578
1641,2579
1645,2580
1646,2581
1646,2582
1648,2583
1648,2584
1649,2585
1649,2586
1649,2587
1650,2588
1650,2589
1650,2590
1650,2591
1650,2592
1652,2593
1654,2594
1656,2595
1657,2596
1658,2597
1659,2598
1662,2599
1662,2600
1663,2601
1663,2602
1664,2603
1666,2604
1667,2605
1667,2606
1670,2607
1671,2608
1671,2609
1671,2610
1671,2611
1671,2612
1672,2613
1672,2614
1672,2615
1672,2616
1672,2617
1672,2618
1672,2619
1672,2620
1672,2621
1673,2622
1673,2623
1674,2624
1674,2625
1674,2626
1674,2627
1674,2628
1675,2629
1675,2630
1675,2631
1675,2632
1675,2633
1676,2634
1677,2635
1679,2636
1680,2637
1681,2638
1682,2639
1682,2640
1685,2641
1685,2642
1685,2643
1686,2644
1686,2645
1686,2646
1686,2647
1686,2648
1686,2649
1686,2650
1686,2651
1687,2652
1687,2653
1687,2654
1688,2655
1689,2656
1689,2657
1689,2658
1689,2659
1690,2660
1690,2661
1691,2662
1692,2663
1693,2664
1694,2665
1695,2666
1695,2667
1696,2668
1697,2669
1700,2670
1700,2671
1700,2672
1701,2673
1703,2674
1705,2675
1705,2676
1706,2677
1706,2678
1706,2679
1710,2680
1712,2681
1712,2682
1712,2683
1713,2684
1713,2685
1713,2686
1714,2687
1714,2688
1714,2689
1714,2690
1714,2691
1714,2692
1714,2693
1715,2694
1715,2695
1715,2696
1716,2697
1718,2698
1719,2699
1721,2700
1721,2701
1721,2702
1721,2703
1721,2704
1721,2705
1722,2706
1722,2707
1722,2708
1722,2709
1722,2710
1722,2711
1722,2712
1722,2713
1722,2714
1722,2715
1722,2716
1723,2717
1723,2718
1723,2719
1723,2720
1723,2721
1724,2722
1724,2723
1724,2724
1724,2725
1725,2726
1725,2727
1725,2728
1725,2729
1726,2730
1726,2731
1727,2732
1727,2733
1727,2734
1727,2735
1727,2736
1727,2737
1731,2738
1732,2739
1733,2740
1733,2741
1734,2742
1734,2743
1734,2744
1734,2745
1734,2746
1734,2747
1734,2748
1734,2749
1735,2750
1735,2751
1735,2752
1735,2753
1735,2754
1735,2755
1735,2756
1735,2757
1735,2758
1736,2759
1736,2760
1736,2761
1736,2762
1736,2763
1736,2764
1736,2765
1739,2766
1739,2767
1739,2768
1739,2769
1739,2770
1739,2771
1744,2772
1747,2773
1747,2774
1747,2775
1747,2776
1748,2777
1750,2778
1750,2779
1750,2780
1750,2781
1750,2782
1751,2783
1752,2784
1752,2785
1753,2786
1753,2787
1753,2788
1753,2789
1753,2790
1753,2791
1753,2792
1753,2793
1753,2794
1754,2795
1758,2796
1758,2797
1758,2798
1758,2799
1758,2800
1758,2801
1759,2802
1759,2803
1759,2804
1760,2805
1760,2806
1760,2807
1761,2808
1763,2809
1764,2810
1764,2811
1764,2812
1766,2813
1766,2814
1767,2815
1767,2816
1767,2817
1767,2818
1768,2819
1768,2820
1435,2821
1435,2822
1769,2823
1775,2827
1776,2828
1777,2829
1778,2830
1778,2831
1778,2832
1778,2833
1781,2834
1781,2835
1781,2836
1781,2837
1781,2838
1781,2839
1782,2840
1782,2841
1782,2842
1782,2843
1782,2844
1782,2845
1782,2846
1805,2847
1807,2848
1807,2849
1807,2850
1809,2851
1809,2852
1811,2853
1818,2855
1821,2856
1822,2857
1822,2858
1822,2859
1822,2860
1822,2861
1822,2862
1822,2863
1822,2864
1822,2865
1822,2866
1822,2867
1822,2868
1823,2869
1823,2870
1825,2871
1826,2872
1827,2873
1827,2874
1827,2875
1827,2876
1827,2877
1827,2878
1827,2879
1827,2880
1827,2881
1827,2882
1827,2883
1827,2884
1827,2885
1827,2886
1828,2887
1828,2888
1828,2889
1828,2890
1828,2891
1828,2892
1828,2893
1829,2894
1830,2895
1830,2896
1831,2897
1835,2898
1835,2899
1837,2900
1839,2901
1839,2902
1839,2903
1839,2904
1839,2905
1839,2906
1839,2907
1839,2908
1840,2909
1844,2910
1844,2911
1847,2912
1848,2913
1850,2914
1850,2915
1850,2916
1851,2917
1853,2918
1853,2919
1853,2920
1853,2921
1854,2922
1854,2923
1855,2924
1856,2925
1856,2926
1856,2927
1856,2928
1856,2929
1856,2930
1857,2931
1857,2932
1857,2933
1857,2934
1857,2935
1858,2944
1858,2945
1859,2946
1859,2947
1859,2948
1859,2949
1859,2950
1859,2951
1859,2952
1859,2953
1859,2954
1859,2955
1859,2956
1859,2957
1859,2958
1859,2959
1860,2960
1860,2961
1860,2962
1860,2963
1860,2964
1860,2965
1860,2966
1860,2967
1860,2968
1860,2969
1861,2970
1861,2971
1861,2972
1861,2973
1864,2974
1864,2975
1868,2976
1869,2977
1869,2978
1869,2979
1869,2980
1869,2981
1872,2982
1873,2983
1874,2984
1875,2985
1876,2986
1876,2987
1876,2988
1876,2989
1877,2990
1878,2991
1879,2992
1880,2993
1880,2994
1881,2995
1881,2996
1881,2997
1881,2998
1882,2999
1882,3000
1882,3001
1882,3002
1885,3003
1885,3004
1885,3005
1886,3006
1886,3007
1886,3008
1886,3009
1887,3010
1887,3011
1887,3012
1890,3013
1891,3014
1891,3015
1891,3016
1892,3017
1892,3018
1892,3019
1892,3020
1893,3021
1893,3022
1893,3023
1894,3024
1895,3025
1895,3026
1895,3027
1895,3028
1895,3029
1895,3030
1896,3031
1897,3032
1898,3033
1901,3034
1901,3035
1901,3036
1901,3037
1902,3038
1902,3039
1902,3040
1902,3041
1902,3042
1902,3043
1902,3044
1902,3045
1902,3046
1902,3047
1902,3048
1903,3049
1903,3050
1903,3051
1903,3052
1903,3053
1903,3054
1903,3055
1906,3056
1907,3057
1908,3058
1910,3059
1911,3060
1912,3061
1912,3062
1912,3063
1912,3064
1913,3065
1913,3066
1913,3067
1913,3068
1913,3069
1913,3070
1913,3071
1913,3072
1913,3073
1915,3074
1915,3075
1915,3076
1921,3077
1921,3078
1921,3079
1924,3080
1924,3081
1924,3082
1925,3083
1925,3084
1926,3091
1926,3092
1926,3093
1926,3094
1926,3095
1927,3096
1927,3097
1927,3098
1927,3099
1927,3100
1928,3101
1928,3102
1928,3103
1928,3104
1928,3105
1929,3106
1929,8188
1929,8189
1930,3107
1931,3108
1934,3109
1934,3110
1934,3111
1935,3112
1936,3113
1936,3114
1936,3115
1936,3116
1936,3117
1936,3118
1937,3119
1937,3120
1937,3121
1937,3122
1937,3123
1937,3124
1937,3125
1937,3126
1937,3127
1937,3128
1937,3129
1937,3130
1978,3131
1978,3132
1978,3133
1984,3134
1984,3135
1984,3136
1986,3137
1986,3138
1988,3139
1988,3140
1991,3141
1991,3142
1993,3143
1994,3144
1994,3145
1994,3146
1994,3147
1994,3148
1994,3149
1994,3150
1996,3151
1996,3152
1996,3153
1997,3154
1997,3155
1997,3156
1999,3157
1999,3158
1999,3159
1999,3160
1999,3161
1999,3162
2000,3163
2001,3164
2001,3165
2001,3166
2002,3167
2002,3168
2002,3169
2002,3170
2002,3171
2002,3172
2002,3173
2002,3174
2002,3175
2003,3176
2004,3177
2004,3178
2004,3179
2004,3180
2004,3181
2004,3182
2005,3183
2005,3184
2005,3185
2005,3186
2005,3187
2005,3188
2005,3189
2005,3190
2009,3191
2009,3192
2013,3193
2013,3194
2014,3195
2014,3196
2015,3197
2015,3198
2015,3199
2016,3200
2016,3201
2016,3202
2016,3203
2016,3204
2016,3205
2016,3206
2016,3207
2018,3208
2018,3209
2018,3210
2020,3211
2021,3212
2022,3213
2023,3214
2023,3215
2023,3216
2024,3217
2024,3218
2024,3219
2024,3220
2024,3221
2025,3222
2025,3223
2025,3224
2025,3225
2025,3226
2025,3227
2025,3228
2026,3229
2028,3230
2029,3231
2029,3232
2030,3233
2030,3234
2033,3235
2033,3236
2034,3237
2036,3238
2036,3239
2036,3240
2037,3241
2038,3242
2039,3243
1802,3244
1802,3245
2041,3246
2046,3247
2047,3248
2048,3249
2049,3250
2050,3251
2050,3252
2052,3253
2052,3254
2057,3255
2058,3256
2058,3257
2059,3258
2061,3259
2062,3260
2064,3261
2066,3262
2067,3263
2067,3264
2068,3265
2069,3266
2071,3267
2071,3268
2072,3269
2075,3270
2077,3271
2079,3272
2079,3273
2079,3274
2079,3275
2079,3276
2079,3277
2081,3278
2081,3279
2082,3280
2082,3281
2083,3282
2083,3283
2083,3284
2083,3285
2083,3286
2089,3287
2090,3288
2090,3289
2091,3290
2091,3291
2091,3292
2091,3293
2093,3294
2093,3295
2093,3296
2096,3297
2096,3298
2096,3299
2096,3300
2096,3301
2096,3302
2096,3303
2096,3304
2096,3305
2096,3306
2097,3307
2097,3308
2097,3309
2097,3310
2097,3311
2097,3312
2097,3313
2100,3316
2101,3317
2102,3318
2103,3319
2103,3320
2103,3321
2104,3322
2106,3323
2107,3324
2107,3325
2108,3326
2108,3327
2108,3328
2108,3329
2109,3330
2109,3331
2109,3332
2109,3333
2109,3334
2109,3335
2110,3336
2110,3337
2111,3338
2111,3339
2111,3340
2111,3341
2111,3342
2111,3343
2111,3344
2111,3345
2111,3346
2111,3347
2112,3348
2112,3349
2112,3350
2112,3351
2112,3352
2113,3353
2113,3354
2113,3355
2113,3356
2113,3357
2117,3358
2119,3359
2122,3360
2122,3361
2123,3362
2123,3363
2124,3364
2125,3365
2126,3366
2127,3367
2127,3368
2128,3369
2129,3370
2129,3371
2133,3372
2133,3373
2134,3374
2134,3375
2134,3376
2134,3377
2134,3378
2134,3379
2135,3380
2135,3381
2135,3382
2136,3383
2136,3384
2136,3385
2137,3386
2137,3387
2137,3388
2138,3389
2138,3390
2139,3391
2140,3392
2141,3393
2143,3394
2143,3395
2143,3396
2143,3397
2143,3398
2144,3399
2145,3400
2145,3401
2145,3402
2146,3403
2146,3404
2146,3405
2146,3406
2148,3407
2149,3408
2149,3409
2149,3410
2149,3411
2149,3412
2150,3413
2151,3414
2152,3415
2153,3416
2153,3417
2154,3418
2154,3419
2154,3420
2154,3421
2159,3422
2160,3423
2161,3424
2161,3425
2161,3426
2161,3427
2161,3428
2161,3429
2161,3430
2161,3431
2161,3432
2161,3433
2161,3434
2161,3435
2161,3436
2161,3437
2162,3438
2162,3439
2162,3440
2163,3441
2163,3442
2163,3443
2163,3444
2163,3445
2163,3446
2163,3447
2163,3448
2163,3449
2163,3450
2163,3451
2165,3452
2166,3453
2167,3454
2167,3455
2167,3456
2167,3457
2167,3458
2167,3459
2167,3460
2167,3461
2167,3462
2168,3463
2168,3464
2168,3465
2168,3466
2168,3467
2168,3468
2168,3469
2168,3470
2168,3471
2168,3472
2168,3473
2169,3474
2169,3475
2171,3476
2171,3477
2173,3478
2175,3479
2176,3480
2177,3481
2177,3482
2177,3483
2179,3484
2180,3485
2181,3486
2182,3487
2182,3488
2182,3489
2182,3490
2182,3491
2182,3492
2183,3493
2183,3494
2183,3495
2183,3496
2183,3497
2183,3498
2183,3499
2183,3500
2183,3501
2183,3502
2183,3503
2184,3504
2184,3505
2184,3506
2184,3507
2184,3508
2184,3509
2184,3510
2184,3511
2188,3512
2188,3513
2191,3514
2193,3515
2194,3516
2194,3517
2194,3518
2194,3519
2194,3520
2194,3521
2195,3522
2195,3523
2195,3524
2198,3525
2198,3526
2198,3527
2198,3528
2198,3529
2199,3530
2199,3531
2199,3532
2199,3533
2199,3534
2199,3535
2199,3536
2199,3537
2199,3538
2199,3539
2199,3540
2199,3541
2200,3542
2200,3543
2200,3544
2200,3545
2200,3546
2200,3547
2200,3548
2200,3549
2200,3550
2200,3551
2200,3552
2200,3553
2200,3554
2208,3555
2208,3556
2212,3557
2212,3558
2212,3559
2212,3560
2212,3561
2212,3562
2213,3563
2214,3564
2224,3565
2226,3566
2227,3567
2229,3568
2229,3569
2229,3570
2229,3571
2229,3572
2229,3573
2229,3574
2229,3575
2229,3576
2229,3577
2230,3578
2231,3579
2231,3580
2231,3581
2231,3582
2256,3583
2256,3584
2256,3585
384,3586
384,3587
384,3588
384,3589
2258,3590
2258,3591
2259,3592
2259,3593
2260,3594
2260,3595
2262,3596
2264,3597
2265,3598
2265,6697
2265,6698
2266,3599
2266,3600
2268,3601
2269,3602
2269,3603
2269,3604
2274,3605
2274,3606
2277,3607
2281,3608
2283,3609
2283,3610
2283,3611
2295,3612
2295,3613
2295,3614
2295,3615
2296,3616
2296,3617
2296,3618
2297,3619
2297,3620
2297,3621
2297,3622
2297,3623
2297,3624
2297,3625
2297,3626
2297,3627
2298,3628
2300,3629
2301,3630
2302,3631
2305,3632
2305,3633
2305,3634
2306,3635
2306,3636
2307,3637
2307,3638
2307,3639
2308,3640
2309,3641
2311,3642
2312,3643
2312,3644
2317,3645
2320,3646
2321,3647
2323,3648
2324,3649
2325,3650
2330,3651
2334,3652
2335,3653
2340,3654
2341,3655
2341,3656
2342,3657
2343,3658
2349,3659
2349,3660
2349,3661
2350,3662
2350,3663
2350,3664
2351,3665
2352,3666
2352,3667
2352,3668
2352,3669
2354,3670
2354,3671
2354,3672
2355,3673
2355,3674
2355,3675
2355,3676
2355,3677
2355,3678
2355,3679
2355,3680
2356,3681
2356,3682
2357,3683
2357,3684
2358,3685
2358,3686
2358,3687
2358,3688
2359,3689
2360,3690
2360,3691
2368,3692
2368,3693
2368,3694
2368,3695
2368,3696
2368,3697
2368,3698
2368,3699
2369,3700
2377,3701
2378,3702
2378,3703
2380,3704
2386,3705
2386,3706
2387,3707
2387,3708
2391,3709
2391,3710
2391,3711
2391,3712
2391,3713
2392,3714
2392,3715
2392,3716
2392,3717
2393,3718
2393,3719
2394,3720
2396,3721
2396,3722
2396,3723
2397,3724
2397,3725
2397,3726
2398,3727
2398,3728
2398,3729
2399,3730
2400,3731
2401,3732
2401,3733
2401,3734
2401,3735
2402,3736
2402,3737
2403,3738
2404,3739
2405,3740
2410,3741
2411,3742
2412,3743
2418,3744
2428,3745
2430,3746
2430,3747
2430,3748
2430,3749
2430,3750
2431,3751
2431,3752
2431,3753
2432,3754
2432,3755
2432,3756
2434,3757
2434,3758
2434,3759
2434,3760
2435,3761
2435,3762
2435,3763
2436,3764
2437,3765
2437,3766
2437,3767
2437,3768
2443,3769
2444,3770
2444,3771
2444,3772
2444,3773
2445,3774
2446,3775
2447,3776
2448,3777
2449,3778
2450,3779
2450,3780
2450,3781
2452,3782
2452,3783
2454,3784
2454,3785
2454,3786
2456,3787
2457,3788
2457,3789
2457,4156
2457,4157
2457,4158
2458,3790
2459,3791
2460,3792
2462,3793
2462,3794
2462,3795
2463,3796
2463,3797
2463,3798
2463,3799
2463,3800
2463,3801
2464,3802
2464,3803
2464,3804
2464,3805
2464,3806
2465,3807
2466,3808
2466,3809
2466,3810
2466,3811
2467,3812
2467,3813
2469,3814
2469,3815
2469,3816
2471,3817
2475,3818
2475,3819
2475,3820
2476,3821
2476,3822
2476,3823
2477,3824
2477,3825
2477,3826
2478,3827
2481,3828
2485,3829
2489,3830
2491,3831
2492,3832
2494,3833
2495,3834
2496,3835
2496,3836
2496,3837
2497,3838
2497,3839
2499,3840
2500,3841
2500,3842
2500,3843
2500,3844
2501,3845
2502,3846
2502,3847
2502,3848
2502,3849
2502,3850
2503,3851
2504,3852
2504,3853
2504,3854
2504,3855
2504,3856
2504,3857
2504,3858
2505,3859
2505,3860
2505,3861
2505,3862
2506,3863
2506,3864
2506,3865
2506,3866
2506,3867
2511,3868
2511,3869
2515,3870
2515,3871
2515,3872
2515,3873
2516,3874
2516,3875
2516,3876
2516,3877
2516,3878
2517,3879
2517,3880
2519,3881
2519,3882
2519,3883
2522,3884
2524,3885
2526,3886
2529,3887
2530,3888
2531,3889
2531,3890
2533,3891
2535,3892
2536,3893
2536,3894
2536,3895
2536,3896
2537,3897
2543,3898
2543,3899
2544,3900
2544,3901
2545,3902
2545,3903
2545,3904
2546,3905
2552,3906
2554,3907
2554,3908
2554,3909
2554,3910
2555,3911
2555,3912
2555,3913
2555,3914
2555,3915
2555,3916
2555,3917
2556,3918
2556,3919
2557,3920
2558,3921
2560,3922
2561,3923
2561,3924
2562,3925
2562,3926
2562,3927
2562,3928
2562,3929
2563,3930
2564,3931
2564,3932
2564,3933
2564,3934
2566,3935
2567,3936
2568,3937
2569,3938
2569,3939
2569,3940
2569,3941
2569,3942
2569,3943
2569,3944
2569,3945
2569,3946
2570,3947
2570,3948
2570,3949
2570,3950
2571,3951
2571,3952
2574,3953
2575,3954
2577,3955
2578,3956
2579,3957
2580,3958
2581,3959
2587,3960
2588,3961
2588,3962
2589,3963
2590,3964
2591,3965
2593,3966
2596,3967
2597,3968
2598,3969
2599,3970
2599,3971
2599,3972
2599,3973
2599,3974
2599,3975
2599,3976
2599,3977
2600,3978
2601,3979
2603,3980
2607,3981
2608,3982
2609,3983
2609,3984
2609,3985
2609,3986
2610,3987
2610,3988
2610,3989
2610,3990
2610,3991
2610,3992
2611,3993
2611,3994
2611,3995
2611,3996
2611,3997
2611,3998
2612,3999
2612,4000
2612,4001
2613,4002
2613,4003
2613,4004
2613,4005
2614,4006
2614,4007
2614,4008
2615,4009
2615,4010
2616,4011
2616,4012
2617,4013
2619,4014
2621,4015
2623,4016
2623,4017
2624,4018
2624,4019
2624,4020
2624,4021
2624,4022
2624,4023
2624,4024
2625,4025
2625,4026
2625,4027
2625,4028
2625,4029
2626,4030
2626,4031
2626,4032
2626,4033
2626,4034
2628,4035
2628,4036
2628,4037
2628,4038
2632,4039
2633,4040
2634,4041
2635,4042
2635,4043
2635,4044
2635,4045
2635,4046
2635,4047
2636,4048
2636,4049
2636,4050
2636,4051
2637,4052
2637,4053
2661,4054
2663,4055
2664,4056
2664,4057
2667,4058
2669,4059
2670,4060
2671,4061
2671,4062
2671,4063
2671,4064
2671,4065
2672,4066
2672,4067
2672,4068
2672,4069
2672,4070
2673,4071
2673,4072
2673,4073
2676,4074
2676,4075
2677,4076
2677,4077
2677,4078
2677,4079
2677,4080
2679,4081
2680,4082
2680,4083
2680,4084
2680,4085
2684,4086
2684,4087
2684,4088
2697,4089
2697,4090
2697,4091
2701,4092
2704,4093
2706,4094
2706,4095
2709,4096
2709,4097
2711,4098
2713,4099
2716,4100
2717,4101
2717,4102
2717,4103
2720,4104
2720,4105
2721,4106
2722,4107
2724,4108
2724,4109
2725,4110
2725,4111
2725,4112
2726,4113
2727,4114
2731,4115
2731,4116
2731,4117
2731,4118
2731,4119
2731,4120
2732,4121
2732,4122
2732,4123
2732,4124
2733,4125
2733,4126
2733,4127
2733,4128
2733,4129
2736,4130
2736,4131
2737,4132
2737,4133
2737,4134
2751,4135
2751,4136
2751,4137
2751,4138
2751,4139
2751,4140
2751,4141
2751,4142
2752,4143
2752,4144
2753,4145
2753,4146
2753,4147
2754,4148
2754,4149
2754,4150
2755,4151
2756,4152
2756,4153
2756,4154
2756,4155
2757,4159
2757,4160
2757,4161
2757,4162
2757,4163
2759,4164
2759,4165
2759,4166
2761,4167
2762,4168
2763,4169
2764,4170
2767,4171
2768,4172
2768,4173
2769,4174
2770,4175
2770,4176
2770,4177
2770,4178
2771,4179
2772,4180
2775,4181
2776,4182
2776,4183
2776,4184
2776,4185
2777,4186
2777,4187
2777,4188
2779,4189
2783,4190
2785,4191
2785,4192
2786,4193
2788,4194
2789,4195
2791,4196
2792,4197
2793,4198
2795,4199
2796,4200
2796,4201
2796,4202
2797,4203
2797,4204
2797,4205
2797,4206
2797,4207
2797,4208
2798,4209
2798,4210
2798,4211
2799,4212
2799,4213
2799,4214
2800,4215
2800,4216
2801,4217
2803,4218
2803,4219
2807,4220
2808,4221
2809,4222
2810,4223
2814,4224
2820,4225
2821,4226
2822,4227
2828,4228
2831,4229
2832,4230
2832,4231
2832,4232
2833,4233
2835,4234
2835,4235
2835,4236
2836,4237
2836,4238
2836,4239
2836,4240
2836,4241
2836,4242
2836,4243
2836,4244
2836,4245
2836,4246
2837,4247
2901,4248
2901,4249
2905,4250
2906,4251
2908,4252
2910,4253
2910,4254
2911,4255
2914,4256
2914,4257
2917,4258
2917,4259
2917,4260
2917,4261
2917,4262
2917,4263
2918,4264
2918,4265
2919,4266
2919,4267
2920,4268
2920,4269
2920,4270
2921,4271
2921,4272
2921,4273
2922,4274
2922,4275
2923,4276
2923,4277
2923,4278
2924,4279
2925,4280
2930,4281
2932,4282
2933,4283
2933,4284
2933,4285
2933,4286
2933,4287
2933,4288
2933,4289
2933,4290
2934,4291
2934,4292
2934,4293
2934,4294
2934,4295
2934,4296
2935,4297
2937,4298
2937,4299
2951,4300
2952,4301
2952,4302
2953,4303
2954,4304
2954,4305
2957,4306
2957,4307
2957,4308
2957,4309
2957,4310
2957,4311
2957,4312
2958,4313
2958,4314
2958,4315
2958,4316
2959,4317
2960,4318
2967,4319
2974,4320
2978,4321
2979,4322
2982,4323
3000,4324
3001,4325
3003,4326
3006,4327
3008,4328
3008,4329
3008,4330
3008,4331
3008,4332
3009,4333
3009,4334
3009,4335
3009,4336
3009,4337
3009,4338
3010,4339
3010,4340
3010,4341
3010,4342
3011,4343
3011,4344
3011,4345
3011,4346
3011,4347
3011,4348
3012,4349
3013,4350
3018,4351
3021,4352
3022,4353
3022,4354
3027,4355
3027,4356
3027,4357
3028,4358
3028,4359
3028,4360
3029,4361
3038,4362
3039,4363
3039,4364
3045,4365
3046,4366
3050,4367
3051,4368
3051,4369
3051,4370
3051,4371
3051,4372
3051,4373
3052,4374
3052,4375
3052,4376
3052,4377
3052,4378
3052,4379
3052,4380
3052,4381
3052,4382
3052,4383
3052,4384
3052,4385
3052,4386
3052,4387
3052,4388
3052,4389
3052,4390
3052,4391
3052,4392
3052,4393
3052,4394
3052,4395
3052,4396
3052,4397
3052,4398
3052,4399
3052,4400
3052,4401
3052,4402
3052,4403
3053,4404
3054,4405
3054,4406
3058,4407
3058,4408
3058,4409
3058,4410
3058,4411
3058,4412
3059,4413
3059,4414
3059,4415
3059,4416
3059,4417
3059,4418
3059,4419
3060,4420
3060,4421
3060,4422
3060,4423
3060,4424
3061,4425
3061,4426
3062,4427
3062,4428
3062,4429
3062,4430
3063,4431
3069,4432
3069,4433
3069,4434
3069,4435
3070,4440
3070,4441
3070,4442
3070,4443
3071,4444
3071,4445
3071,4446
3071,4447
3071,4448
3071,4449
3071,4450
3071,4451
3073,4452
3073,4453
3073,4454
3076,4455
3081,4456
3083,4457
3083,4458
3083,4459
3084,4460
3084,4461
3084,4462
3084,4463
3085,4464
3085,4465
3085,4466
3086,4467
3086,4468
3087,4469
3088,4470
3088,4471
3088,4472
3088,4473
3089,4474
3093,4475
3095,4476
3096,4477
3097,4478
3100,4479
3103,4480
3104,4481
3104,4482
3104,4483
3104,4484
3104,4485
3104,4486
3108,4487
3108,5967
3109,4488
3109,4489
3109,4490
3109,4491
3110,4492
3112,4493
3113,4494
3113,4495
3115,4496
3124,4497
3125,4498
3127,4499
3128,4500
3128,4501
3129,4502
3129,4503
3129,4504
3129,4505
3129,4506
3129,4507
3129,4508
3129,4509
3129,4510
3129,4511
3129,4512
3129,4513
3129,4514
3129,4515
3129,4516
3129,4517
3129,4518
3129,4519
3129,4520
3130,4521
3130,4522
3130,4523
3130,4524
3130,4525
3130,4526
3130,4527
3138,4528
3138,4529
3138,4530
3138,4531
3138,4532
3138,4533
3140,4534
3141,4535
3141,4536
3141,4537
3141,4538
3141,4539
3141,4540
3141,4541
3141,4542
3142,4543
3143,4544
3145,4545
3147,4546
3148,4547
3152,4548
3153,4549
3153,4550
3153,4551
3153,4552
3153,4553
3153,4554
3154,4555
3188,4556
3190,4557
3190,4558
3190,4559
3192,4560
3193,4561
3194,4562
3195,4563
3196,4564
3196,4565
3197,4566
3198,4567
3199,4568
3199,4569
3199,4570
3200,4571
3200,4572
3200,4573
3200,4574
3200,4575
3201,4576
3201,4577
3201,4578
3201,4579
3203,4580
3204,4581
3206,4582
3207,4583
3207,4584
3208,4585
3209,4586
3209,4587
3209,4588
3209,4589
3209,4590
3215,4591
3215,4592
3215,4593
3217,4594
3218,4595
3220,4596
3220,4597
3220,4598
3221,4599
3221,4600
3221,4601
3222,4602
3225,4603
3225,4604
3225,4605
3225,4606
3225,4607
3225,4608
3225,4609
3225,4610
3225,4611
3225,4612
3225,4613
3226,4614
3226,4615
3226,4616
3226,4617
3226,4618
3226,4619
3227,4620
3227,4621
3227,4622
3228,4623
3228,4624
3229,4625
3230,4626
3234,4627
3235,4628
3236,4629
3236,4630
3237,4631
3237,4632
3237,4633
3237,4634
3239,4635
3242,4636
3243,4637
3244,4638
3246,4639
3246,4640
3248,4641
3249,4642
3252,4643
3253,4644
3253,4645
3254,4646
3254,4647
3254,4648
3254,4649
3254,4650
3254,4651
3254,4652
3254,4653
3254,4654
3254,4655
3254,4656
3254,4657
3254,4658
3254,4659
3256,4660
3256,4661
3257,4662
3257,4663
3258,4664
3258,4665
3258,4666
3258,4667
3261,4668
3261,4669
3262,4670
3262,4671
3262,4672
3262,4673
3263,4674
3263,4675
3263,4676
3263,4677
3263,4678
3263,4679
3263,4680
3263,4681
3265,4682
3265,4683
2902,4684
3270,4685
3273,4686
3278,4687
3280,4688
3280,4689
3281,4690
3281,4691
3281,4692
3281,4693
3281,4694
3281,4695
3281,4696
3281,4697
3281,4698
3282,4699
3283,4700
3284,4701
3284,4702
3285,4703
3286,4704
3296,4705
3297,4706
3299,4707
3299,4708
3302,4709
3302,4710
3303,4711
3303,4712
3303,4713
3303,4714
3329,4715
3331,4716
3338,4717
3341,4718
3342,4719
3342,4720
3342,4721
3342,4722
3343,4723
3343,4724
3345,4725
3345,4726
3345,4727
3345,4728
3347,4729
3348,4730
3349,4731
3349,4732
3349,4733
3349,4734
3349,4735
3350,4736
3350,4737
3350,4738
3350,4739
3350,4740
3351,4741
3351,4742
3351,4743
3351,4744
3351,4745
3352,4746
3352,4747
3352,4748
3352,4749
3352,4750
3352,4751
3353,4752
3353,4753
3353,4754
3353,4755
3353,4756
3357,4757
3361,4758
3361,4759
3361,4760
3361,4761
3361,4762
3361,4763
3361,4764
3361,4765
3361,4766
3362,4767
3362,4768
3363,4769
3363,4770
3363,4771
3363,4772
3363,4773
3367,4774
3373,4775
3376,4776
3376,4777
3377,4778
3377,4779
3386,4780
3386,4781
3388,4782
3391,4783
3392,4784
3392,4785
3392,4786
3393,4787
3393,4788
3393,4789
3393,4790
3393,4791
3402,4792
3406,4793
3409,4794
3420,4795
3421,4796
3424,4797
3425,4798
3426,4799
3427,4800
3427,4801
3427,4802
3427,4803
3427,4804
3427,4805
3428,4806
3428,4807
3430,4808
3439,4809
3440,4810
3441,4811
3441,4812
3441,4813
3441,4814
3443,4815
3443,4816
3444,4817
3444,4818
3444,4819
3445,4820
3445,4821
3445,4822
3446,4823
3446,4824
3450,4825
3463,4826
3463,4827
3464,4828
3465,4829
3471,4830
3471,4831
3471,4832
3471,4833
3471,4834
3471,4835
3471,4836
3471,4837
3472,4838
3472,4839
3472,4840
3472,4841
3472,4842
3473,4843
3474,4844
3475,4845
3475,4846
3476,4847
3476,4848
3476,4849
3477,4850
3477,4851
3478,4852
3489,4853
3490,4854
3491,4855
3491,4856
3492,4857
3494,4858
3494,4859
3495,4860
3496,4861
3496,4862
3497,4863
3497,4864
3498,4865
3498,4866
3498,4867
3498,4868
3498,4869
3498,4870
3498,4871
3498,4872
3499,4873
3499,4874
3499,4875
3499,4876
3499,4877
3499,4878
3499,4879
3499,4880
3499,4881
3499,4882
3499,4883
3499,4884
3500,4885
3500,4886
3500,4887
3500,4888
3500,4889
3500,4890
3500,4891
3500,4892
3500,4893
3500,4894
3501,4895
3501,4896
3501,4897
3501,4898
3501,4899
3501,4900
3501,4901
3501,4902
3501,4903
3501,4904
3502,4905
3502,4906
3502,4907
3502,4908
3502,4909
3502,4910
3502,4911
3502,4912
3502,4913
3502,4914
3502,4915
3503,4916
3505,4917
3505,4918
3505,4919
3506,4920
3506,4921
3506,4922
3507,4923
3508,4924
3509,4925
3509,4926
3512,4927
3514,4928
3517,4929
3518,4930
3518,4931
3520,4932
3521,4933
3521,4934
3522,4935
3522,4936
3523,4937
3526,4938
3527,4939
3527,4940
3527,4941
3527,4942
3527,4943
3528,4944
3528,4945
3528,4946
3529,4947
3529,4948
3529,4949
3529,4950
3529,4951
3530,4952
3531,4953
3532,4954
3533,4955
3534,4956
3535,4957
3537,4958
3537,4959
3545,4960
3545,4961
3545,4962
3545,4963
3545,4964
3546,4965
3546,4966
3546,4967
3546,4968
3547,4969
3547,4970
3547,4971
3547,4972
3547,4973
3547,4974
3547,4975
3547,4976
3547,4977
3547,4978
3547,4979
3548,4980
3548,4981
3548,4982
3548,4983
3548,4984
3548,4985
3548,4986
3549,4987
3549,4988
3549,4989
3549,4990
3550,4991
3550,4992
3550,4993
3550,4994
3554,4995
3555,4996
3556,4997
3557,4998
3558,4999
3558,5000
3558,5001
3558,5002
3560,5003
3560,5004
3560,5005
3560,5006
3565,5007
3567,5008
3568,5009
3569,5010
3569,5011
3569,5012
3569,5013
3569,5014
3569,5015
3570,5016
3570,5017
3570,5018
3570,5019
3570,5020
3570,5021
3571,5022
3572,5023
3576,5024
3579,5025
3579,5026
3580,5027
3581,5028
3581,5029
3585,5030
1398,5031
3588,5032
3591,5033
3592,5034
3593,5035
3594,5036
3594,5037
3594,5038
3595,5039
3595,5040
3596,5041
3596,5042
3596,5043
3597,5044
3597,5045
3597,5046
3597,5047
3598,5048
3598,5049
3598,5050
3599,5051
3602,5052
3603,5053
3604,5054
3605,5055
3607,5056
3607,5057
3608,5058
3610,5059
3611,5060
3613,5061
3614,5062
3615,5063
3619,5064
3619,5065
3621,5066
3624,5067
3624,5068
3625,5069
3625,5070
3646,5071
3647,5072
3647,5073
3649,5074
3650,5075
3650,5076
3651,5077
3651,5078
3652,5079
3653,5080
3653,5081
3657,5082
3659,5083
3659,5084
3659,5085
3659,5086
3660,5087
3660,5088
3664,5089
3664,5090
3664,5091
3676,5092
3676,5093
3677,5094
3677,5095
3677,5096
3678,5097
3678,5098
3678,5099
3678,5100
3678,5101
3678,5102
3679,5103
3679,5104
3679,5105
3680,5106
3681,5107
3682,5108
3682,5109
3683,5110
3684,5111
3684,5112
3684,5113
3685,5114
3685,5115
3686,5116
3687,5117
3688,5118
3690,5119
3692,5120
3692,5121
3693,5122
3694,5123
3702,5124
3703,5125
3704,5126
3704,5127
3704,5128
3704,5129
3705,5130
3705,5131
3706,5132
3706,5133
3709,5134
3710,5135
3711,5136
3711,5137
3712,5138
3715,5139
3716,5140
3716,5141
3717,5142
3717,5143
3717,5144
3717,5145
3717,5146
3717,5147
3718,5148
3718,5149
3718,5150
3719,5151
3720,5152
3724,5153
3725,5154
3725,5155
3726,5156
3726,5157
3726,5158
3726,5159
3726,5160
3726,5161
3728,5162
3730,5163
3730,5164
3731,5165
3731,5166
3732,5167
3732,5168
3734,5169
3734,5170
3735,5171
3735,5172
3736,5173
3737,5174
3738,5175
3739,5176
3740,5177
3742,5178
3742,5179
3742,5180
3742,5181
3742,5182
3742,5183
3743,5184
3743,5185
3744,5186
3745,5187
3747,5188
3750,5189
3752,5190
3752,5191
3753,5192
3754,5193
3754,5194
3755,5195
3756,5196
3757,5197
3757,5198
3757,5199
3759,5200
3760,5201
3761,5202
3762,5203
3762,5204
3763,5205
3764,5206
3765,5207
3766,5208
3769,5209
3769,5210
3773,5211
3774,5212
3775,5213
3775,5214
3780,5215
3781,5216
3782,5217
3782,5218
3782,5219
3783,5220
3783,5221
3784,5222
3785,5223
3785,5224
3785,5225
3786,5226
3787,5227
3787,5228
3788,5229
3789,5230
3796,5231
3797,5232
3798,5233
3798,5234
3798,5235
3798,5236
3798,5237
3798,5238
3799,5239
3800,5240
3801,5241
3803,5242
3803,5243
3806,5244
3806,5245
3806,5246
3806,5247
3808,5248
3808,5249
3808,5250
3808,5251
3809,5252
3809,5253
3810,5254
3811,5255
3811,5256
3814,5257
3815,5258
3815,5259
3816,5260
3816,5261
3817,5262
3819,5263
3819,5264
3819,5265
3819,5266
3819,5267
3819,5268
3820,5269
3820,5270
3820,5271
3820,5272
3820,5273
3820,5274
3820,5275
3820,5276
3820,5277
3820,5278
3820,5279
3821,5280
3821,5281
3821,5282
3821,5283
3822,5284
3823,5285
3823,5286
3823,5287
3825,5288
3829,5289
3831,5290
3832,5291
3833,5292
3833,5293
3836,5294
3837,5295
3838,5296
3839,5297
3841,5298
3842,5299
3842,5300
3842,5301
3842,5302
3842,5303
3842,5304
3842,5305
3842,5306
3843,5307
3843,5308
3843,5309
3843,5310
3847,5311
3847,5312
3847,5313
3848,5314
3848,5315
3848,5316
3850,5317
3851,5318
3851,5319
3855,5320
3856,5321
3858,5322
3860,5323
3863,5324
3863,5325
3864,5326
3864,5327
3864,5328
3864,5329
3864,5330
3877,5331
3878,5332
3878,5333
3880,5334
3880,5335
3881,5336
3881,5337
3881,5338
3881,5339
3883,5340
3887,5341
3888,5342
3888,5343
3888,5344
3889,5345
3894,5346
3896,5347
3896,5348
3896,5349
3897,5350
3898,5351
3898,5352
3900,5353
3901,5354
3903,5355
3903,5356
3903,5357
3905,5358
3905,5359
3905,5360
3905,5361
3905,5362
3905,5363
3906,5364
3906,5365
3906,5366
3906,5367
3906,5368
3907,5369
3908,5370
3911,5371
3911,5372
3911,5373
3911,5374
3911,5375
3912,5376
3915,5377
3915,5378
3918,5379
3920,5380
3921,5381
3922,5382
3923,5383
3925,5384
3927,5385
3928,5386
3928,5387
3929,5388
3929,5389
3929,5390
3930,5391
3931,5392
3932,5393
3932,5394
3933,5395
3933,5396
3933,5397
3933,5398
3933,5399
3933,5400
3933,5401
3933,5402
3933,5403
3933,5404
3933,5405
3933,5406
3933,5407
3933,5408
3933,5409
3933,5410
3933,5411
3933,5412
3933,5413
3934,5414
3935,5415
3937,5416
3938,5417
3938,5418
3938,5419
3938,5420
3938,5421
3938,5422
3939,5423
3939,5424
3939,5425
3939,5426
3939,5427
3939,5428
3939,5429
3940,5430
3940,5431
3940,5432
3940,5433
3940,5434
3941,5435
3942,5436
3942,5437
3944,5438
3945,5439
3949,5440
3952,5441
3953,5442
3953,5443
3954,5444
3957,5445
3959,5446
3959,5447
3959,5448
3959,5449
3959,5450
3959,5451
3959,5452
3959,5453
3959,5454
3959,5455
3959,5456
3960,5457
3960,5458
3960,5459
3968,5460
3970,5461
3970,5462
3970,5463
3971,5464
3971,5465
3972,5466
3972,5467
3972,5468
3972,5469
3972,5470
3976,5471
3977,5472
3978,5473
3979,5474
3981,5475
3982,5476
3983,5477
3983,5478
3984,5479
3986,5480
3988,5481
3990,5482
3990,5483
3991,5484
3992,5485
3993,5486
3993,5487
3994,5488
3995,5489
3996,5490
3996,5491
3998,5492
3998,5493
4000,5494
4000,5495
4000,5496
4001,5497
4002,5498
4003,5499
4004,5500
4005,5501
4005,5502
4006,5503
4006,5504
4006,5505
4006,5506
4011,5507
4012,5511
4012,5512
4012,5513
4012,5514
4012,5515
4012,5516
4012,5517
4012,5518
4014,5519
4014,5520
4016,5521
4016,5522
4017,5523
4017,5524
4017,5525
4017,5526
4017,5527
4018,5528
4018,5529
4018,5530
4019,5531
4019,5532
4019,5533
4020,5534
4021,5535
4021,5536
4021,5537
4023,5538
4026,5539
4026,5540
4026,5541
4026,5542
4026,5543
4026,5544
4026,5545
4027,5546
4029,5547
4030,5548
4031,5549
4032,5550
4032,5551
4033,5552
4035,5553
4036,5554
4036,5555
4036,5556
4036,5557
4036,5558
4036,5559
4037,5560
4037,5561
4037,5562
4037,5563
4038,5564
4038,5565
4038,5566
4038,5567
4038,5568
4039,5569
4039,5570
4039,5571
4040,5572
4040,5573
4040,5574
4041,5575
4041,5576
4042,5577
4045,5578
4045,5579
4045,5580
4045,5581
4045,5582
4045,5583
4048,5584
4048,5585
4049,5586
4049,5587
4052,5588
4054,5589
4054,5590
4054,5591
4058,5592
4059,5593
4060,5594
4062,5595
4064,5596
4065,5597
4066,5598
4068,5599
4069,5600
4070,5601
4070,5602
4071,5603
4072,5604
4072,5605
4072,5606
4073,5607
4073,5608
4073,5609
4073,5610
4074,5611
4075,5612
4075,5613
4075,5614
4075,5615
4075,5616
4076,5617
4077,5618
4078,5619
4079,5620
4080,5621
4080,5622
4081,5623
4081,5624
4081,5647
4081,5648
4083,5625
4083,5626
4084,5627
4085,5628
4085,5629
4086,5630
4086,5631
4088,5632
4089,5633
4090,5634
4092,5635
4092,5636
4093,5637
4097,5638
4097,5639
4098,5640
4100,5641
4102,5642
4103,5643
4104,5644
4105,5645
4105,5646
4106,5649
4106,5650
4107,5651
4107,5652
4107,5653
4107,5654
4107,5655
4108,5656
4108,5657
4108,5658
4108,5659
4108,5660
4108,5661
4108,5662
4109,5663
4109,5664
4109,5665
4109,5666
4109,5667
4110,5668
4110,5669
4110,5670
4110,5671
4110,5672
4110,5673
4111,5674
4112,5675
4113,5676
4114,5677
4114,5678
4114,5679
4119,5680
4120,5681
4121,5682
4125,5683
4126,5684
4127,5685
4127,5686
4128,5687
4129,5688
4129,5689
4130,5690
4131,5691
4132,5692
4132,5693
4133,5694
4134,5695
4135,5696
4136,5697
4138,5698
4140,5699
4140,5700
4141,5701
4142,5702
4142,5703
4142,5704
4143,5705
4143,5706
4153,5707
4154,5708
4155,5709
4156,5710
4156,5711
4156,5712
4156,5713
4160,5714
4161,5715
4161,5716
4161,5717
4161,5718
4161,5719
4161,5720
4162,5721
4162,5722
4162,5723
4162,5724
4162,5725
4162,5726
4162,5727
4162,5728
4162,5729
4162,5730
4163,5731
4163,5732
4163,5733
4164,5734
4166,5735
4166,5736
4166,5737
4166,5738
4166,5739
4166,5740
4166,5741
4166,5742
4166,5743
4166,5744
4166,5745
4166,5746
4166,5747
4166,5748
4166,5749
4166,5750
4166,5751
4166,5752
4166,5753
4166,5754
4166,5755
4167,5756
4167,5757
4167,5758
4167,5759
4167,5760
4167,5761
4168,5762
4168,5763
4168,5764
4168,5765
4168,5766
4169,5767
4170,5768
4171,5769
4172,5770
4172,5771
4172,5772
4172,5773
4172,5774
4172,5775
4172,5776
4172,5777
4172,5778
4173,5779
2643,5780
2643,5781
2643,5782
4174,5783
4174,5784
4176,5785
4177,5786
4178,5787
4178,5788
4180,5789
4181,5790
4183,5791
4183,5792
4184,5793
4186,5794
4186,5795
4186,5796
4186,5797
4186,5798
4187,5799
4188,5800
4188,5801
4189,5802
4189,5803
4190,5804
4190,5805
4190,5806
4191,5807
4191,5808
4191,5809
4191,5810
4193,5811
4194,5812
4195,5813
4196,5814
4196,5815
4197,5816
4198,5817
4198,5818
4198,5819
4199,5820
4200,5821
4200,5822
4200,5823
4202,5824
4203,5825
4203,5826
4204,5827
4206,5828
4206,5829
4210,5830
4212,5831
4213,5832
4214,5833
4215,5834
4215,5835
4217,5836
4217,5837
4217,5838
4218,5839
4221,5840
4222,5841
4223,5842
4223,5843
4224,5844
4224,5845
4227,5846
4228,5847
4228,5848
4229,5849
4230,5850
4232,5851
4233,5852
4233,5853
4233,5854
4233,5855
4233,5856
4236,5857
4236,5858
4237,5859
4237,5860
4238,5861
4238,5862
4239,5863
4240,5864
4241,5865
4241,5866
4241,5867
4241,5868
4241,5869
4241,5870
4241,5871
4242,5872
4242,5873
4242,5874
4242,5875
4242,5876
4242,5877
4242,5878
4242,5879
4242,5880
4242,5881
4242,5882
4243,5883
4244,5884
4244,5885
4245,5886
4245,5887
4246,5888
4247,5889
4248,5890
4248,5891
4251,5892
4252,5893
4252,5894
4253,5895
4255,5896
4256,5897
4257,5898
4257,5899
4257,5900
4257,5901
4257,5902
4257,5903
4257,5904
4258,5905
4258,5906
4258,5907
4259,5908
4259,5909
4259,5910
4260,5911
4261,5912
4261,5913
4262,5914
4262,5915
4262,5916
4262,5917
4262,5918
4262,5919
4262,5920
4262,5921
4262,5922
4263,5923
4263,5924
4263,5925
4264,5926
4266,5927
4266,5928
4267,5929
4268,5930
4268,5931
4269,5932
4270,5933
4270,5934
4270,5935
4270,5936
4270,5937
4270,5938
4270,5939
4270,5940
4270,5941
4270,5942
4270,5943
4271,5944
4271,5945
4284,5946
4285,5947
4286,5948
4286,5949
4286,5950
4286,5951
4286,5952
4286,5953
4287,5954
4287,5955
4287,5956
4287,5957
4287,5958
4287,5959
4288,5960
4288,5961
4289,5962
4290,5963
4291,5964
4291,5965
4291,5966
4293,5968
4295,5969
4295,5970
4296,5971
4297,5972
4297,5973
4303,5974
4304,5975
4304,5976
4305,5977
4306,5978
4307,5979
4307,5980
4307,5981
4307,5982
4307,5983
4307,5984
4307,5985
4307,5986
4307,5987
4312,5988
4313,5989
4313,5990
4313,5991
4314,5992
4314,5993
4315,5994
4315,5995
4317,5996
4320,5997
4321,5998
4321,5999
4321,6000
4322,6001
4323,6002
4325,6003
4326,6004
4326,6005
4326,6006
4326,6007
4326,6008
4330,6009
4330,6010
4330,6011
4330,6012
4330,6013
4330,6014
4331,6015
4331,6016
4331,6017
4331,6018
4332,6019
4333,6020
4334,6021
4338,6022
4338,6023
4338,6024
4338,6025
4339,6026
4340,6027
4342,6028
4342,6029
4344,6030
4344,6031
4345,6032
4346,6033
4347,6034
4347,6035
4348,6036
4349,6037
4350,6038
4350,6039
4351,6040
4352,6041
4353,6042
4353,6043
4354,6044
4354,6045
4354,6046
4354,6047
4354,6048
4354,6049
4354,6050
4354,6051
4354,6052
4355,6053
4355,6054
4355,6055
4355,6056
4355,6057
4355,6058
4355,6059
4355,6060
4368,6061
4368,6062
4380,6063
4381,6064
4381,6065
4381,6066
4382,6067
4382,6068
4382,6069
4383,6070
4384,6071
4385,6072
4389,6073
4391,6074
4391,6075
4391,6076
4396,6077
4398,6078
4398,6079
4398,6080
4398,6081
4399,6082
4400,6083
4400,6084
4402,6085
4402,6086
4402,6087
4402,6088
4402,6089
4402,6090
4403,6091
4404,6092
4404,6093
4404,6094
4404,6095
4404,6096
4404,6097
4405,6098
4405,6099
4406,6100
4407,6101
4408,6102
4408,6103
4408,6104
4408,6105
4408,6106
4413,6107
4413,6108
4422,6109
4422,6110
4422,6111
4424,6112
4424,6113
4425,6114
4425,6115
4426,6116
4428,6117
4429,6118
4429,6119
4429,6120
4429,6121
4430,6122
4430,6123
4430,6124
4430,6125
4430,6126
4430,6127
4430,6128
4430,6129
4430,6130
4431,6131
4431,6132
4432,6133
4432,6134
4432,6135
4432,6136
4433,6137
4434,6138
4435,6139
4435,6140
4436,6141
4437,6142
4438,6143
4439,6144
4442,6145
4443,6146
4444,6147
4445,6148
4445,6149
4445,6150
4445,6151
4445,6152
4445,6153
4445,6154
4445,6155
4445,6156
4445,6157
4445,6158
4445,6159
4445,6160
4445,6161
4445,6162
4445,6163
4445,6164
4445,6165
4445,6166
4445,6167
4445,6168
4445,6169
4445,6170
4445,6171
4445,6172
4445,6173
4446,6174
4446,6175
4446,6176
4446,6177
4446,6178
4446,6179
4446,6180
4446,6181
4446,6182
4446,6183
4446,6184
4446,6185
4446,6186
4446,6187
4446,6188
4446,6189
4446,6190
4447,6191
4447,6192
4447,6193
4447,6194
4447,6195
4447,6196
4447,6197
4447,6198
4447,6199
4449,6200
4449,6201
4449,6202
4450,6203
1702,6204
1702,6205
1702,6206
4455,6207
4456,6208
4457,6209
4458,6210
4458,6211
4458,6212
4459,6213
4459,6214
4459,6215
4459,6216
4460,6217
4460,6218
4460,6219
4461,6220
4463,6221
4463,6222
4464,6223
4465,6224
4466,6225
4467,6226
4467,6227
4468,6228
4469,6229
4469,6230
4471,6231
4471,6232
4471,6233
4471,6234
4472,6235
4473,6236
4474,6237
4474,6238
4475,6239
4476,6240
4476,6241
4486,6242
4487,6243
4487,6244
4488,6245
4488,6246
4489,6247
4490,6248
4490,6249
4490,6250
4490,6251
4490,6252
4490,6253
4492,6254
4493,6255
4494,6256
4495,6257
4496,6258
4497,6259
4498,6260
4500,6261
4501,6262
4501,6263
4501,6264
4503,6265
4503,6266
4503,6267
4504,6268
4504,6269
4506,6270
4506,6271
4507,6272
4508,6273
4509,6274
4509,6275
4509,6276
4509,6277
4510,6278
4511,6279
4512,6280
4512,6281
4513,6282
4514,6283
4514,6284
4515,6285
4517,6286
4517,6287
4517,6288
4517,6289
4517,6290
4517,6291
4517,6292
4518,6293
4518,6294
4518,6295
4518,6296
4519,6297
4520,6298
4521,6299
4521,6300
4523,6301
4523,6302
4526,6303
4526,6304
4527,6305
4527,6306
4527,6307
4527,6308
4527,6309
4529,6310
4529,6311
4530,6312
4531,6313
4531,6314
4531,6315
4532,6316
4532,6317
4532,6318
4532,6319
4532,6320
4532,6321
4532,6322
4532,6323
4532,6324
4533,6325
4533,6326
4533,6327
4533,6328
4533,6329
4533,6330
4533,6331
4533,6332
4533,6333
4533,6334
4533,6335
4533,6336
4534,6337
4534,6338
4534,6339
4535,6340
4535,6341
4536,6342
4536,6343
4538,6344
4538,6345
4538,6346
4539,6347
4541,6348
4541,6349
4542,6350
4542,6351
4542,6352
4542,6353
4544,6354
4544,6355
4545,6356
4545,6357
4546,6358
4546,6359
4546,6360
4548,6361
4548,6362
4549,6363
4550,6364
4550,6365
4550,6366
4550,6367
4550,6368
4551,6369
4552,6370
4552,6371
4553,6372
4553,6373
4553,6374
4555,6375
4555,6376
4557,6377
4557,6378
4557,6379
4557,6380
4557,6381
4557,6382
4557,6383
4558,6384
4558,6385
4559,6386
4560,6387
4561,6388
4562,6389
4564,6390
4564,6391
4565,6392
4566,6393
4567,6394
4567,6395
4568,6396
4568,6397
4569,6398
4569,6399
4569,6400
4572,6401
4572,6402
4572,6403
4573,6404
4573,6405
4573,6406
4573,6407
4573,6408
4573,6409
4573,6410
4573,6411
4574,6412
4574,6413
4574,6414
4574,6415
4574,6416
4574,6417
4574,6418
4574,6419
4574,6420
4574,6421
4574,6422
4574,6423
4574,6424
4575,6425
4576,6426
4576,6427
4576,6428
4577,6429
4577,6430
4578,6431
4578,6432
4581,6433
4582,6434
4582,6435
4583,6436
4583,6437
4583,6438
4584,6439
4584,6440
4585,6441
4586,6442
4587,6443
4587,6444
4587,6445
4587,6446
4588,6447
4589,6448
4590,6449
4592,6450
4592,6451
4593,6452
4593,6453
4594,6454
4595,6455
4595,6456
4597,6457
4597,6458
4597,6459
4597,6460
4598,6461
4598,6462
4598,6463
4598,6464
4598,6465
4599,6466
4599,6467
4599,6468
4600,6469
4601,6470
4601,6471
4601,6472
4602,6473
4602,6474
4603,6475
4604,6476
4605,6477
4605,6478
4605,6479
4607,6480
4607,6481
4607,6482
4607,6483
4607,6484
4607,6485
4608,6486
4608,6487
4609,6488
4610,6489
4611,6490
4611,6491
4612,6492
4612,6493
4612,6494
4612,6495
4613,6496
4613,6497
4613,6498
4613,6499
4613,6500
4613,6501
4613,6502
4614,6503
4616,6504
4617,6505
4617,6506
4618,6507
4619,6508
4619,6509
4619,6510
4619,6511
4620,6512
4620,6513
4620,6514
4620,6515
4620,6516
4620,6517
4620,6518
4620,6519
4620,6520
4620,6521
4620,6522
4620,6523
4621,6524
4621,6525
4627,6526
4629,6527
4630,6528
4631,6529
4631,6530
4634,6531
4636,6532
4637,6533
4637,6534
4639,6535
4639,6536
4639,6537
4639,6538
4639,6539
4639,6540
4640,6541
4640,6542
4640,6543
4640,6544
4640,6545
4640,6546
4640,6547
4641,6548
4641,6549
4641,6550
4641,6551
4642,6552
4642,6553
4642,6554
4642,6555
4643,6556
4644,6557
4644,6558
4644,6559
4645,6560
4645,6561
4645,6562
4647,6563
4647,6564
4647,6565
4648,6566
4649,6567
4649,6568
4650,6569
4650,6570
4650,6571
4653,6572
4654,6573
4654,6574
4655,6575
4655,6576
4658,6577
4660,6578
4660,6579
4660,6580
4660,6581
4660,6582
4662,6583
4662,6584
4662,6585
4662,6586
4662,6587
4662,6588
4662,6589
4663,6590
4663,6591
4665,6592
4665,6593
4665,6594
4665,6595
4666,6596
4667,6597
4667,6598
4667,6599
4667,6600
4668,6601
4668,6602
4669,6603
4669,6604
4669,6605
4671,6606
4673,6607
4674,6608
4677,6609
4677,6610
4677,7154
4677,7155
4678,6611
4678,6612
4679,6613
4680,6614
4683,6615
4683,6616
4683,6617
4683,6618
4685,6619
4686,6620
4687,6621
4687,6622
4688,6623
4688,6624
4689,6625
4690,6626
4691,6627
4692,6628
4693,6629
4693,6630
4693,6631
4693,6632
4695,6633
4696,6634
4696,6635
4697,6636
4698,6637
4699,6638
4699,6639
4699,6640
4699,6641
4700,6642
4700,6643
4701,6644
4702,6645
4703,6646
4704,6647
4705,6648
4707,6649
4708,6650
4708,6651
4709,6652
4709,6653
4710,6654
4710,6655
4710,6656
4711,6657
4712,6658
4712,6659
4713,6660
4714,6661
4714,6662
4715,6663
4716,6664
4716,6665
4718,6666
4719,6667
4720,6668
4720,6669
4721,6670
4724,6671
4725,6672
4727,6673
4728,6674
4728,6675
4728,6676
4731,6677
4733,6678
4734,6679
4735,6680
4736,6681
4736,6682
4736,6683
4736,6684
4737,6685
4737,6686
4737,6687
4737,6688
4738,6689
4738,6690
4738,6691
4738,6692
4738,6693
4740,6694
4741,6695
4742,6696
4745,6699
4746,6700
4747,6701
4748,6702
4748,6703
4749,6704
4750,6705
4751,6706
4752,6707
4753,6708
4754,6709
2992,6710
4755,6711
4756,6712
4757,6713
4757,6714
4757,6715
4758,6716
4759,6717
4760,6718
4761,6719
4761,6720
4761,6721
4761,6722
4762,6723
4763,6724
4763,6725
4763,6726
4763,6727
4764,6728
4765,6729
4765,6730
4766,6731
4767,6732
4767,6733
4767,6734
4769,6735
4769,6736
4769,7792
4769,7793
4769,7794
4771,6737
4771,6738
4772,6739
4772,6740
4772,6741
4773,6742
4773,6743
4774,6744
4777,6745
4778,6746
4778,6747
4779,6748
4780,6749
4781,6750
4781,6751
4786,6752
4786,6753
4787,6754
4787,6755
4787,6756
4789,6757
4791,6758
4792,6759
4794,6760
4796,6761
4798,6762
4798,6763
4798,6764
4798,6765
4798,6766
4799,6767
4799,6768
4801,6769
4802,6770
4803,6771
4803,6772
4803,6773
4804,6774
4804,6775
4804,6776
4804,6777
4805,6778
4806,6779
4806,6780
4806,6781
4806,6782
4807,6783
4807,6784
4808,6785
4809,6786
4809,6787
4811,6788
4812,6789
4812,6790
4812,6791
4812,6792
4812,6793
4812,6794
4812,6795
4812,6796
4812,6797
4812,6798
4813,6799
4813,6800
4813,6801
4813,6802
4814,6803
4815,6804
4815,6805
4816,6806
4817,6807
4818,6808
4819,6809
4820,6810
4824,6811
4824,6812
4825,6813
4826,6814
4828,6815
4829,6816
4830,6817
4831,6818
4832,6819
4833,6820
4834,6821
4835,6822
4836,6823
4836,6824
4837,6825
4837,6826
4838,6827
4839,6828
4839,6829
4840,6830
4841,6831
4842,6832
4843,6833
4845,6834
4845,6835
4846,6836
4847,6837
4847,6838
4847,6839
4848,6840
4849,6841
4851,6842
4851,6843
4854,6844
4854,6845
4856,6846
4857,6847
4859,6848
4859,6849
4859,6850
4860,6851
4860,6852
4861,6853
4862,6854
4862,6855
4864,6856
4864,6857
4864,6858
4864,6859
4864,6860
4864,6861
4864,6862
4864,6863
4865,6864
4865,6865
3301,6866
3301,6867
3301,6868
3301,6869
3301,6870
3301,6871
4866,6872
4866,6873
4867,6874
4867,6875
4867,6876
4867,6877
4868,6878
4869,6879
4869,6880
4869,6881
4869,6882
4870,6883
4871,6884
4872,6885
4874,6886
4874,6887
4875,6888
4875,6889
4875,6890
4875,6891
4879,6892
4880,6893
4881,6894
4881,6895
4882,6896
4882,6897
4883,6898
4883,6899
4883,6900
4883,6901
4885,6902
4886,6903
4886,6904
4887,6905
4887,6906
4888,6907
4888,6908
4888,6909
4888,6910
4888,6911
4888,6912
4888,6913
4889,6914
4889,6915
4889,6916
4889,6917
4889,6918
4890,6919
4890,6920
4890,6921
4890,6922
4891,6923
4892,6924
4893,6925
4893,6926
4893,6927
4893,6928
4893,6929
4893,6930
4894,6931
4894,6932
4896,6933
4896,6934
4897,6935
4898,6936
4899,6937
4900,6938
4901,6939
4902,6940
4903,6941
4903,6942
4903,6943
4903,6944
4903,6945
4904,6946
4904,6947
4904,6948
4906,6949
4907,6950
4907,6951
4908,6952
4909,6953
4911,6954
4912,6955
4913,6956
4913,6957
4913,6958
4913,6959
4913,6960
4914,6961
4915,6962
4916,6963
4917,6964
4917,6965
4917,6966
4917,6967
4917,6968
4918,6969
4918,6970
4918,6971
4918,6972
4918,6973
4918,6974
4920,6975
4920,6976
4920,6977
4923,6978
4924,6979
4925,6980
4927,6981
4927,6982
4928,6983
4930,6984
4930,6985
4931,6986
4931,6987
4931,6988
4932,6989
4934,6990
4934,6991
4935,6992
4936,6993
4937,6994
4938,6995
4940,6996
4941,6997
4941,6998
4942,6999
4943,7000
4944,7001
4944,7002
4945,7003
4946,7004
4946,7005
4946,7966
4949,7006
4950,7007
4951,7008
4951,7009
4952,7010
4953,7011
4954,7012
4955,7013
4956,7014
4957,7015
4957,7016
4958,7017
4959,7018
4960,7019
4961,7020
4961,7021
4961,7022
4961,7023
4962,7024
4963,7025
4964,7026
4966,7027
4967,7028
4969,7029
4971,7030
4971,7031
4972,7032
4973,7033
4974,7034
4974,7035
4976,7036
4978,7037
4980,7038
4981,7039
4981,7040
4985,7041
4987,7042
4987,7043
4988,7044
4989,7045
4989,7046
4989,7047
4989,7048
4990,7049
4990,7050
4990,7051
4990,7052
4990,7053
4990,7054
4990,7055
4990,7056
4991,7057
4991,7058
4991,7059
4991,7060
4991,7061
4991,7062
4991,7063
4991,7064
4991,7065
4992,7066
4992,7067
4994,7068
4996,7069
4997,7070
4997,7071
4999,7072
4999,7073
5000,7074
5002,7075
5002,7076
5002,7077
5002,7078
5003,7079
5003,7080
5003,7081
5003,7082
5003,7083
5003,7084
5003,7085
5003,7086
5003,7087
5003,7088
5004,7089
5004,7090
5004,7091
5004,7092
5004,7093
5004,7094
5004,7095
5004,7096
5004,7097
5004,7098
5004,7099
5004,7100
5004,7101
5004,7102
5004,7103
5004,7104
5004,7105
5004,7106
5004,7107
5004,7108
5004,7109
5005,7110
5005,7111
5005,7112
5005,7113
5005,7114
5005,7115
5005,7116
5005,7117
5005,7118
5005,7119
5005,7120
5005,7121
5005,7122
5006,7123
5006,7124
5006,7125
5006,7126
5006,7127
5006,7128
5007,7129
5008,7130
5009,7131
5010,7132
5010,7133
5010,7134
5010,7135
5010,7136
5014,7137
5015,7138
5016,7139
5017,7140
5018,7141
5018,7142
5019,7143
5020,7144
5021,7145
5023,7146
5024,7147
5024,7148
5026,7149
5028,7150
5028,7151
5028,7152
5028,7153
5032,7156
5033,7157
5035,7158
5035,7159
5035,7160
5035,7161
5037,7162
5037,7163
5043,7164
5043,7165
5044,7166
5044,7167
5044,7168
5044,7169
5044,7170
5044,7171
5044,7172
5045,7173
5045,7174
5045,7175
5045,7176
5045,7177
5045,7178
5045,7179
5045,7180
5046,7181
5046,7182
5048,7183
5049,7184
5049,7185
5049,7186
5049,7187
5049,7188
5049,7189
5049,7190
5049,7191
5049,7192
5049,7193
5049,7194
5049,7195
5049,7196
5049,7197
5049,7198
5049,7199
5049,7200
5049,7201
5049,7202
5050,7203
5050,7204
5050,7205
5050,7206
5050,7207
5050,7208
5050,7209
5050,7210
5050,7211
5050,7212
5051,7213
5052,7214
5052,7215
5052,7216
5052,7217
5052,7218
5052,7219
5052,7220
5052,7221
5052,7222
5052,7223
5053,7224
5053,7225
5054,7226
5054,7227
5054,7228
5055,7229
5055,7230
5055,7231
5058,7232
5059,7233
5059,7234
5059,7235
5059,7236
5059,7237
5060,7238
5060,7239
5060,7240
5060,7241
5060,7242
5060,7243
5060,7244
5060,7245
5061,7246
5061,7247
5061,7248
5061,7249
5061,7250
5062,7251
5063,7252
5064,7253
5064,7254
5066,7255
5067,7256
5067,7257
5068,7258
5071,7259
5072,7260
5073,7261
5073,7262
5073,7263
5074,7264
5074,7265
5076,7266
5076,7267
5076,7268
5078,7269
5078,7270
5079,7271
5080,7272
5081,7273
5081,7274
5081,7275
5083,7276
5083,7277
5083,7278
5083,7279
5084,7280
5084,7281
5084,7282
5084,7283
5084,7284
5084,7285
5084,7286
5085,7287
5085,7288
5086,7289
5087,7290
5087,7291
5087,7292
5089,7293
5089,7294
5089,7295
5089,7296
5089,7297
5090,7298
5090,7299
5090,7300
5090,7301
5090,7302
5090,7303
5090,7304
5090,7305
5090,7306
5090,7307
5090,7308
5090,7309
5091,7310
5091,7311
5091,7312
5091,7313
5091,7314
5091,7315
5092,7316
5092,7317
5092,7318
5092,7319
5092,7320
5092,7321
5093,7322
5093,7323
5093,7324
5093,7325
5093,7326
5094,7327
5094,7328
5095,7329
5096,7330
5097,7331
5098,7332
5100,7333
5100,7334
5100,7335
5100,7336
5100,7337
5100,7338
5101,7339
5101,7340
5101,7341
5101,7342
5101,7343
5103,7344
5104,7345
5104,7346
5104,7347
5104,7348
5107,7349
5108,7350
5109,7351
5109,7352
5110,7353
5110,7354
5110,7355
5110,7356
5110,7357
5111,7358
5117,7359
5118,7360
5120,7361
5121,7362
5123,7363
5123,7364
5125,7365
5126,7366
5127,7367
5128,7368
5129,7369
5130,7370
5130,7371
5130,7372
5130,7373
5130,7374
3866,7375
3866,7376
3866,7377
5134,7378
5135,7379
5136,7380
5136,7381
5136,7382
5136,7383
5136,7384
5137,7385
5138,7386
5140,7387
5145,7388
5146,7389
5147,7390
5149,7391
5150,7392
5151,7393
5151,7394
5151,7395
5152,7396
5152,7397
5153,7398
5153,7399
5153,7400
5153,7401
5153,7402
5153,7403
5153,7404
5153,7405
5153,7406
5153,7407
5153,7408
5153,7409
5153,7410
5153,7411
5153,7412
5153,7413
5153,7414
5153,7415
5153,7416
5153,7417
5153,7418
5153,7419
5153,7420
5153,7421
5153,7422
5154,7423
5156,7424
5157,7425
5158,7426
5159,7427
5159,7428
5159,7429
5159,7430
5160,7431
5161,7432
5162,7433
5163,7434
5164,7435
5166,7436
5166,7437
5166,7438
5166,7439
5167,7440
5167,7441
5167,7442
5167,7443
5169,7444
5169,7445
5169,7446
5169,7447
5170,7461
5170,7462
5170,7463
5170,7464
5170,7465
5171,7466
5171,7467
5171,7468
5172,7469
5172,7470
5173,7471
5173,7472
5173,7473
5173,7474
5173,7475
5176,7476
5176,7477
5176,7478
5176,7479
5176,7480
5177,7481
5178,7482
5179,7483
5181,7484
5184,7485
5185,7486
5186,7487
5187,7488
5187,7489
5187,7490
5189,7491
5190,7492
5191,7493
5191,7494
5191,7495
5191,7496
5191,7497
5191,7498
5191,7499
5191,7500
5211,7501
5215,7502
5216,7503
5216,7504
5216,7505
5216,7506
5217,7507
5217,7508
5217,7509
5217,7510
5217,7511
5219,7512
5219,7513
5221,7514
5222,7515
5223,7516
5224,7517
5225,7518
5225,7519
5227,7520
5227,7521
5227,7522
5227,7523
5228,7524
5228,7525
5229,7526
5230,7527
5230,7528
5230,7529
5233,7530
5233,7531
5233,7532
5233,7533
5233,7534
5234,7535
5234,7536
5235,7537
5239,7538
5240,7539
5241,7540
5243,7541
5244,7542
5246,7543
5247,7544
5249,7545
5251,7546
5251,7547
5252,7548
5253,7549
5253,7550
5254,7551
5254,7552
5254,7553
5254,7554
5255,7555
5255,7556
5257,7557
5257,7558
5258,7559
5261,7560
5262,7561
5262,7562
5263,7563
5264,7564
5264,7565
5264,7566
5265,7567
5265,7568
5265,7569
5265,7570
5265,7571
5265,7572
5267,7573
5267,7574
5267,7575
5268,7576
5269,7577
5269,7578
5271,7579
5271,7580
5272,7581
5273,7582
5274,7583
5276,7584
5276,7585
5276,7586
5276,7587
5276,7588
5276,7589
5276,7590
5276,7591
5293,7592
5294,7593
5294,7594
5294,7595
5294,7596
5294,7597
5294,7598
5295,7599
5305,7600
5305,7601
5305,7602
5305,7603
5305,7604
5305,7605
5305,7606
5306,7607
5307,7608
5307,7609
5307,7610
5308,7611
5308,7612
5308,7613
5308,7614
5309,7615
5310,7616
5314,7617
5315,7618
5316,7619
5316,7620
5318,7621
5319,7622
5320,7623
5321,7624
5322,7625
5324,7626
5324,7627
5325,7628
5327,7629
5327,7630
5328,7631
5329,7632
5329,7633
5329,7634
5330,7635
5330,7636
5330,7637
5330,7638
5330,7639
5330,7640
5330,7641
5330,7642
5330,7643
5330,7644
5332,7645
5332,7646
5332,7647
5335,7648
5335,7649
5336,7650
5336,7651
5336,7652
5339,7653
5340,7654
5341,7655
5342,7656
5343,7657
5343,7658
5345,7659
5346,7660
5347,7661
5348,7662
5349,7663
5350,7664
5351,7665
5351,7666
5352,7667
5354,7668
5355,7669
5355,7670
5356,7671
5356,7672
5357,7673
5358,7674
5360,7675
5361,7676
5361,7677
5363,7679
5363,7680
5364,7681
5366,7682
5367,7683
5367,7684
5368,7685
5369,7686
5369,7687
5370,7688
5372,7689
5373,7690
5373,7691
5374,7692
5374,7693
5374,7694
5375,7695
5376,7696
5376,7697
5376,7698
5378,7699
5378,7700
5379,7701
5380,7702
5381,7703
5383,7704
5383,7705
5383,7706
5383,7707
5385,7708
5386,7709
5387,7710
5387,7711
5389,7712
5390,7713
5390,7714
5390,7715
5390,7716
5390,7717
5390,7718
5390,7719
5390,7720
5390,7721
5390,7722
5390,7723
5390,7724
5390,7725
5390,7726
5390,7727
5390,7728
5390,7729
5391,7730
5391,7731
5392,7732
5393,7733
5393,7734
5394,7735
5396,7736
5398,7737
5399,7738
5400,7739
5402,7740
5402,7741
5403,7742
5403,7743
5403,7744
5404,7745
5404,7746
5404,7747
5404,7748
5407,7749
5409,7750
5410,7751
5410,7752
5411,7753
5412,7754
5413,7755
5414,7756
5414,7757
5414,7758
5414,7759
5414,7760
5414,7761
5414,7762
5414,7763
5414,7764
5414,7765
5414,7766
5414,7767
5414,7768
5414,7769
5414,7770
5414,7771
5414,7772
5415,7773
5415,7774
5416,7775
5417,7776
5417,7777
5420,7778
5420,7779
5421,7780
5423,7781
5423,7782
5428,7783
5429,7784
5429,7785
5430,7786
5430,7787
5434,7788
5435,7789
5435,7790
5436,7791
5438,7795
5438,7796
5439,7797
5439,7798
5440,7799
5442,7800
5443,7801
5444,7802
5449,7803
5450,7804
5450,7805
5450,7806
5450,7807
5450,7808
5451,7809
1590,7810
5453,7811
5453,7812
5454,7813
5455,7814
5456,7815
5456,7816
5457,7817
5457,7818
5458,7819
5458,7820
5458,7821
5459,7822
5460,7823
5460,7824
5460,7825
5460,7826
5460,7827
5460,7828
5461,7829
5461,7830
5461,7831
5461,7832
5462,7833
5462,7834
5462,7835
5462,7836
5463,7837
5463,7838
5464,7839
5465,7840
5465,7841
5466,7842
5466,7843
5467,7844
5468,7845
5469,7846
5470,7847
5471,7848
5471,7849
5472,7850
5474,7851
5475,7852
5476,7853
5476,7854
5478,7855
5478,7856
5479,7857
5479,7858
5481,7859
5482,7860
5486,7861
5488,7862
5488,7863
5489,7864
5490,7865
5492,7866
5492,7867
5492,7868
5492,7869
5499,7870
5499,7871
5500,7872
5500,7873
5500,7874
5501,7875
5501,7876
5501,7877
4146,7878
4146,7879
4146,7880
4146,7881
5502,7882
5502,7883
5502,7884
5502,7885
5503,7886
5505,7887
5506,7888
5506,7889
5507,7890
5507,7891
5508,7892
5508,7893
5508,7894
5509,7895
5514,7896
5515,7897
5516,7898
5516,7899
5517,7900
5518,7901
5519,7902
5520,7903
5521,7904
5521,7905
5523,7906
5524,7907
5524,7908
5524,7909
5525,7910
5525,7911
5525,7912
5525,7913
5525,7914
5525,7915
5525,7916
5525,7917
5525,7918
5526,7919
5526,7920
5526,7921
5527,7922
5529,7923
5529,7924
5530,7925
5530,7926
5531,7927
5531,7928
5533,7929
5534,7930
5536,7931
5539,7932
5545,7933
5545,7934
5545,7935
5546,7936
5547,7937
5548,7938
5549,7939
5550,7940
5551,7941
5552,7942
5552,7943
5553,7944
5553,7945
5553,7946
5553,7947
5554,7948
5554,7949
5554,7950
5554,7951
5554,7952
5554,7953
5554,7954
5554,7955
5554,7956
5555,7957
5555,7958
5555,7959
5555,7960
5555,7961
5558,7962
5559,7963
5559,7964
5560,7965
5563,7967
5563,7968
5564,7969
5564,7970
5565,7971
5565,7972
5565,7973
5566,7974
5567,7975
5567,7976
5568,7977
5568,7978
5569,7979
5569,7980
5569,7981
5570,7982
5571,7983
5571,7984
5571,7985
5572,7986
5572,7987
5572,7988
5574,7989
5575,7990
5577,7991
5578,7993
5578,7994
5579,7995
5582,7996
5584,7997
5584,7998
5586,7999
5586,8000
5587,8001
5587,8002
5588,8003
5588,8004
5588,8005
5590,8006
5590,8007
5590,8008
5591,8009
5592,8010
5593,8011
5593,8012
5594,8013
5594,8014
5594,8015
5594,8016
5594,8017
5596,8018
5598,8019
5599,8020
5600,8021
5601,8022
5601,8023
5602,8024
5602,8025
5602,8026
5605,8027
5605,8028
5608,8029
5611,8030
5611,8031
5612,8032
5614,8033
5615,8034
5616,8035
5617,8036
5617,8037
5618,8038
5618,8039
5619,8040
5621,8041
5623,8042
5623,8043
5626,8044
5626,8045
5626,8046
5628,8047
5628,8048
5628,8049
5628,8050
5628,8051
5630,8052
5631,8053
5631,8054
5631,8055
5631,8056
5634,8057
5634,8058
5634,8059
5635,8060
5640,8061
5641,8062
5643,8063
5643,8064
5643,8065
5643,8066
5643,8067
5643,8068
5643,8069
5644,8070
5644,8071
5644,8072
5645,8073
5646,8074
5646,8075
5646,8076
5654,8077
5654,8078
5655,8079
5655,8080
5655,8081
5655,8082
5655,8083
5656,8084
5659,8085
5660,8086
5661,8087
5662,8088
5663,8089
5663,8090
5664,8091
5664,8092
5665,8093
5665,8094
5665,8095
5665,8096
5665,8097
5665,8098
5665,8099
5665,8100
5665,8101
5665,8102
5666,8103
5666,8104
5666,8105
5667,8106
5667,8107
5667,8108
5669,8109
5669,8110
5669,8111
5670,8112
5670,8113
5670,8114
5670,8115
5670,8116
5670,8117
5672,8118
5672,8119
5674,8120
5676,8121
5677,8122
5678,8123
5678,8124
5678,8125
5678,8126
5679,8127
5680,8128
5680,8129
5681,8130
5681,8131
5682,8132
5684,8133
5686,8134
5687,8135
5689,8136
5690,8137
5691,8138
5692,8139
5693,8140
5694,8141
5694,8142
5697,8143
5698,8144
5700,8145
5701,8146
5713,8147
5713,8148
5713,8149
5713,8150
5713,8151
5713,8152
5713,8153
5713,8154
5714,8155
5715,8156
5716,8157
5717,8158
5718,8159
5719,8160
5721,8161
5722,8162
5723,8163
5723,8164
5724,8165
5725,8166
5726,8167
5728,8168
5728,8169
5728,8170
5728,8171
5734,8172
5734,8173
5735,8174
5735,8175
5735,8176
5736,8177
5736,8178
5738,8179
5738,8180
5739,8181
5741,8182
5743,8183
5745,8184
5746,8185
5748,8186
5749,8187
5750,8190
5750,8191
5752,8192
5753,8193
5755,8194
5756,8195
5756,8196
5756,8197
5760,8198
5761,8199
5761,8200
5764,8201
5765,8202
5766,8203
5766,8204
5766,8205
5767,8206
5767,8207
5768,8208
5768,8209
5768,8210
5769,8211
5769,8212
5771,8213
5772,8214
5772,8215
5772,8216
5779,8217
5779,8218
5779,8219
5800,8220
5804,8221
5812,8222
5812,8223
5824,8224
5826,8225
5828,8226
5828,8227
5860,8228
5861,8229
5862,8230
5863,8231
5864,8232
5865,8233
5866,8234
5875,8235
5881,8236
5886,8237
5887,8238
5887,8239
5888,8240
5889,8241
5889,8242
5890,8243
5891,8244
5894,8245
5896,8246
5897,8247
5899,8248
5901,8249
5902,8250
5903,8251
5904,8252
5905,8253
5906,8254
5907,8255
5907,8256
5908,8257
5908,8258
5908,8259
3162,8260
5909,8261
5910,8262
5910,8263
5911,8264
5911,8265
5911,8266
5912,8267
5913,8268
5913,8269
5913,8270
5913,8271
5913,8272
5914,8273
5914,8274
5914,8275
5916,8276
5917,8277
5918,8278
5919,8279
5919,8280
5919,8281
5921,8282
5921,8283
5922,8284
5924,8285
5926,8286
5926,8287
5927,8288
5929,8289
5931,8290
5932,8291
5932,8292
5933,8293
5936,8294
5936,8295
5936,8296
5937,8297
5941,8298
5942,8299
5942,8300
5942,8301
5943,8302
5944,8303
5948,8304
5950,8305
5951,8306
5954,8307
5955,8308
5957,8309
5958,8310
5958,8311
5959,8312
5959,8313
5962,8314
5964,8315
5964,8316
5964,8317
5966,8318
5966,8319
5966,8320
5967,8321
5969,8322
5969,8323
5971,8324
5971,8325
5971,8326
5972,8327
5972,8328
5973,8329
5974,8330
5975,8331
5976,8332
5976,8333
5976,8334
5977,8335
5977,8336
5978,8337
5978,8338
5978,8339
5978,8340
5979,8341
5979,8342
5980,8343
5980,8344
